cust_no,  cust_name,  street,  number,  town,  post_code,  cr_limit,  curr_balance
1, ChocoLovers AE, Ermou,  12, Αθήνα,  10563,  10000.0,  5000.0
2, SweetXanthi Ltd, Miaouli,  5, Ξάνθη,  67100,  8000.0,  9500.0
3, NoOrder Bakery, Venizelou,  1, Θεσσαλονίκη,  54624,  5000.0,  0.0
4, Αμπατζιάνης-Μπότης και Καλαμάρα, Αρσενάκη,  257, Λιβαδιά,  35274,  18557.13,  1799.96
5, Καρυδά-Σπορδιλής, Πολέμη,  4, Κέρκυρα,  75147,  20949.59,  14899.39
6, Διαμαντής-Τυμβίου Ο.Ε., Μαγούλας,  226, Θεσσαλονίκη,  28552,  8939.75,  3026.11
7, Μαυρομμάτης Α.Β.Ε.Ε., Πλ. Παγκρατίου,  201, Αλεξανδρούπολη,  72748,  16330.44,  15034.12
8, Ξενάκη Α.Β.Ε.Ε., Ακραιφνίου,  142, Μυτιλήνη,  76587,  6543.56,  3362.49
9, Καπετάνιος-Παπαδάκης Ο.Ε., Πάροδος Γαλατάδων,  204, Ηγουμενίτσα,  20950,  3638.33,  3164.1
10, Μοσχοβάκη Ξένου και Τσώτσης, Αγίου Νικολάου,  269, Κόρινθος,  33931,  11292.17,  12805.16
11, Βασιλείου Α.Ε., Πλατεία Πετριτσίου,  13, Αλεξανδρούπολη,  46967,  14694.52,  7404.49
12, Παργανάς Α.Β.Ε.Ε., Λεήμονα,  287, Χίος,  34737,  13679.85,  10771.93
13, Κατσίπης-Ζαρειφοπούλου, Μυροφύλλου,  271, Σπάρτη,  65669,  19657.75,  4485.55
14, Πάνου-Δουβρόπουλος και υιοί, Κυμίνων,  90, Ηράκλειο,  44341,  21539.29,  12476.15
15, Τσαμτσούρη και υιοί, Βόλβης,  73, Κατερίνη,  55536,  17370.5,  17813.0
16, Βαρσάμου Καραμάνος και Ξανθοπούλου, Νιφοραιίκων,  239, Ναύπλιο,  53026,  12721.51,  1799.0
17, Κονιδάρης-Μίχος Α.Ε., Κορομπόκη,  83, Ρόδος,  11565,  5139.79,  1575.82
18, Χατζησαββίδης-Παρασκευά Α.Ε. ΟΜΙΛΟΣ ΕΤΑΙΡΕΙΩΝ, Ακραιφνίου,  193, Καστοριά,  69444,  3753.91,  2205.01
19, Ζυγούρης-Αξαόπουλος, Πλατεία Βασιλικής,  252, Χανιά,  52258,  15910.74,  2953.61
20, Αξιώτης-Χουχουλής, Πάρ. Ποταμιών,  19, Κομοτηνή,  94826,  14078.71,  13264.07
21, Φανουργάκης Ο.Ε., Τροπαίων,  162, Έδεσσα,  73565,  22313.19,  23384.67
22, Χατζησάββας-Ιντζές, Αμπέλου,  185, Πύργος,  63093,  24037.05,  15349.99
23, Συμεωνίδου Α.Ε., Λυγιά,  177, Μεσολόγγι,  44845,  15520.5,  1539.55
24, Πανταζής Α.Ε. ΟΜΙΛΟΣ ΕΤΑΙΡΕΙΩΝ, Δάφνη,  216, Βόλος,  46329,  18679.67,  8701.28
25, Φιλιάγκου Αδαμοπούλου και Αποστολίδου, Αμαρουσίου,  13, Λευκάδα,  43803,  13437.7,  5666.78
26, Φιλιάγκου Α.Β.Ε.Ε., Λιούκα,  49, Καβάλα,  48073,  20395.39,  6436.32
27, Κούτρης Α.Ε., Κεράς,  164, Πύργος,  22871,  9116.33,  8383.11
28, Τσότρας Βαμβουκάκη και Ιωσηφίδου, Κουτουζίδου,  217, Χανιά,  34445,  18673.47,  13523.61
29, Σπορδιλής Α.Ε., Λεωφ. Καλογριανής,  249, Φλώρινα,  63373,  18197.82,  9315.67
30, Μουτουσίδης Ο.Ε., Αγιωργιτίκων,  41, Βόλος,  20385,  19168.31,  20100.1
31, Καλογιαννάκη-Νταβάς, Καφαντάρη,  24, Σπάρτη,  75152,  22926.26,  20542.23
32, Τσαμπούρη-Δήμου, Πλατεία Νιγρίτης,  279, Αγ. Νικόλαος,  53470,  13418.71,  2696.78
33, Καραγρηγορίου-Γιακαμόζη Α.Β.Ε.Ε., Μιλέα,  76, Λαμία,  96092,  18359.31,  8984.01
34, Τσιούπρα-Ρόγγα, Νικολουδάκη,  40, Λιβαδιά,  93900,  19041.71,  4694.15
35, Βουτσάς-Καραντάνα, Μονόβρυσης,  60, Ρέθυμνο,  60736,  21031.82,  14183.86
36, Ρουσιανός Α.Ε., Συμβολής,  20, Αγ. Νικόλαος,  79993,  22016.71,  5943.51
37, Καρατζαφέρης-Σκούμπρου Ο.Ε., Καππαριάς,  232, Βόλος,  16667,  23274.13,  20853.24
38, Νούσης Α.Β.Ε.Ε., Πάροδος Νεδούσης,  211, Ζάκυνθος,  16808,  24147.83,  11315.66
39, Ασσαργιωτάκη-Βαρουτίδου Α.Β.Ε.Ε., Πεύκου,  125, Σπάρτη,  67695,  13263.74,  14609.78
40, Χριστοπούλου Παπανικολάου και Λιανάκης, Πάρ. Φούρκας,  156, Καστοριά,  12679,  12502.22,  9034.26
41, Μητρίδης-Πετρογιάννης Α.Ε., Σιλάτων,  150, Καλαμάτα,  71454,  17956.7,  15086.93
42, Ρούσσου Α.Ε. ΟΜΙΛΟΣ ΕΤΑΙΡΕΙΩΝ, Κοκκινοχωρίου,  189, Ρόδος,  58769,  14912.39,  1266.14
43, Γεωργακόπουλος-Κανελλόπουλος Ο.Ε., Κοξαρές,  202, Αγ. Νικόλαος,  17224,  7225.87,  8915.73
44, Φιλιάγκου Μαντζουράνης και Φαββάτα, Πάρ. Κροκυλείου,  98, Φλώρινα,  48641,  17776.11,  11267.45
45, Παπαδημητριάδης-Σακκή, Δρυμαίας,  27, Λιβαδιά,  82113,  21194.96,  16757.57
46, Γαλανάκη Α.Ε. ΟΜΙΛΟΣ ΕΤΑΙΡΕΙΩΝ, Φαρμάκη,  144, Πρέβεζα,  22909,  19740.27,  8172.05
47, Λαλαούνη-Καζανόπουλος, Ξενιών,  37, Κέρκυρα,  94984,  19580.53,  10841.73
48, Καραντάνα-Τσατσάνης Α.Ε. ΟΜΙΛΟΣ ΕΤΑΙΡΕΙΩΝ, Λουτρακίου,  3, Τρίκαλα,  42600,  18459.42,  17932.88
49, Γραμμένου-Πανταζής Α.Β.Ε.Ε., Μαλακασίου,  154, Φλώρινα,  61729,  7310.98,  6256.22
50, Τομπουλίδου-Διακάκης και υιοί, Κοντακαιίκων,  270, Χανιά,  45706,  11017.32,  10434.46
51, Μακρής Κούτσικος και Γεωργούλα, Αρετής,  84, Ρόδος,  74448,  9481.27,  2005.73
52, Νιτσοτόλης Ο.Ε., Πάρ. Τετραλόφου,  15, Καστοριά,  52030,  8107.49,  4031.31
53, Φερεντίνος-Χαραλαμπίδης, Φτέρης,  278, Πρέβεζα,  99610,  7670.33,  4885.28
54, Καχριμανίδη-Καρκανάκη, Χαιρεθιανών,  231, Κέρκυρα,  55311,  6540.92,  5648.88
55, Δουκίδου-Αδαμόπουλος Α.Ε., Καταλωνίων,  112, Έδεσσα,  10495,  4633.87,  1162.39
56, Μαυρικάκης Παπαγεωργίου και Ποταμιάνου, Γλαφυρών,  66, Τρίκαλα,  10640,  9120.85,  4893.35
57, Ασημακόπουλος Α.Ε. ΟΜΙΛΟΣ ΕΤΑΙΡΕΙΩΝ, Ασκύφου,  98, Κιλκίς,  48375,  16488.86,  2944.82
58, Μυτελέτσης Α.Ε. ΟΜΙΛΟΣ ΕΤΑΙΡΕΙΩΝ, Βασιλάκη,  91, Φλώρινα,  90033,  11571.94,  5859.62
59, Παπαστεργίου Πολατίδου και Δρακόπουλος, Εσωβάλτων,  123, Έδεσσα,  66244,  9071.14,  5603.89
60, Λαγογιάννης-Μαντζώρος Α.Ε. ΟΜΙΛΟΣ ΕΤΑΙΡΕΙΩΝ, Παπαευαγγέλου,  57, Κατερίνη,  57757,  22353.88,  11776.17
61, Χριστογιάννη-Παναγιωτακοπούλου Α.Ε. ΟΜΙΛΟΣ ΕΤΑΙΡΕΙΩΝ, Τσαντίδου,  298, Ρόδος,  72926,  10164.74,  8029.3
62, Ανδρικόπουλος-Πολυζωάκης, Δωρίου,  56, Καβάλα,  56062,  16061.53,  13446.29
63, Κεσαλίδης-Μπότης Α.Β.Ε.Ε., Σαμτανίδου,  42, Αγ. Νικόλαος,  43092,  15014.0,  9081.75
64, Καράμπας Ο.Ε., Μπραέσα,  184, Αργοστόλι,  33353,  9167.97,  6980.1
65, Παπουλής Καραδήμος και Τουλάκη, Περιστερίου,  194, Λευκάδα,  75442,  7946.79,  4710.81
66, Γκαλίου-Φαββάτα και υιοί, Μωυσίδου,  67, Αθήνα,  44395,  15275.62,  5684.09
67, Μπαφέρα-Βουλτσίδου Α.Ε. ΟΜΙΛΟΣ ΕΤΑΙΡΕΙΩΝ, Καρακωνσταντινού,  49, Λιβαδιά,  15741,  6973.01,  2326.57
68, Τσέτου-Περδικάκης, Ποδογοράς,  122, Άμφισσα,  71021,  8683.76,  8957.07
69, Σταυριανός Α.Ε. ΟΜΙΛΟΣ ΕΤΑΙΡΕΙΩΝ, Βαγενά,  119, Πρέβεζα,  45925,  13720.49,  10526.29
70, Βλάχος Α.Β.Ε.Ε., Αλισσού,  39, Κατερίνη,  36768,  18935.52,  11299.9
71, Σκαρπέτας Σαουλίδης και Ζαννίκου, Δρυάλου,  156, Σπάρτη,  19305,  17632.58,  583.39
72, Μάντου Παπαθεοδοσίου και Καπατσώρης, Ξινόβρυσης,  240, Αλεξανδρούπολη,  29980,  21131.23,  20959.25
73, Μπακουλή Α.Β.Ε.Ε., Αμφιλοχίας,  198, Σέρρες,  92761,  19024.67,  12000.96
74, Νικολάτου Ανδρουλιδάκης και Σύκας, Λεωφόρος Βαρδαλής,  104, Μυτιλήνη,  33450,  24108.41,  4220.01
75, Μανιώτης Α.Ε. ΟΜΙΛΟΣ ΕΤΑΙΡΕΙΩΝ, Αφράτου,  65, Καλαμάτα,  40274,  8848.63,  798.78
76, Βουτσάς-Λαζαρίδης, Κοφινάκη,  113, Χανιά,  13459,  19021.15,  4217.36
77, Ξηρίδου Κουτεντάκης και Συρμού, Πορτοχελίου,  39, Ηγουμενίτσα,  45761,  21942.01,  19483.34
78, Τσιατής και υιοί, Ζαρειφοπούλου,  155, Βέροια,  92893,  21891.56,  5542.84
79, Μάνδαλος Α.Ε. ΟΜΙΛΟΣ ΕΤΑΙΡΕΙΩΝ, Μαρουλά,  138, Πάτρα,  72454,  11876.99,  7565.28
80, Δρυμαλίτου-Πιτσολής Α.Β.Ε.Ε., Λιβαδοχωρίου,  98, Κατερίνη,  68464,  10948.95,  1061.89
81, Περράκης και υιοί, Ερασμίου,  253, Αργοστόλι,  34571,  16845.08,  1710.92
82, Σταμούλης Σαρρός και Βαρακλής, Πάροδος Κουτσοχέρας,  184, Βέροια,  36753,  11167.34,  5016.41
83, Κατσίφος-Σταθά, Πάρ. Λαγορράχης,  299, Πολύγυρος,  13500,  11577.05,  4286.05
84, Παυλή Α.Β.Ε.Ε., Κάπης,  195, Καβάλα,  85934,  4517.16,  4412.4
85, Γαλανοπούλου-Παπασταύρου, Αργυροπουλείου,  81, Έδεσσα,  82992,  14813.58,  13524.51
86, Στούμπου-Τσανδήλας Α.Β.Ε.Ε., Γρηγοριάδου,  277, Κέρκυρα,  59179,  21138.43,  17481.01
87, Χολέβα Α.Ε. ΟΜΙΛΟΣ ΕΤΑΙΡΕΙΩΝ, Πλ. Γέρμα,  216, Κατερίνη,  62293,  7465.6,  4770.76
88, Κουτκιά Α.Ε., Παλατιτσίων,  67, Δράμα,  10145,  6234.95,  4816.41
89, Θεολόγος  Σκούμπρου και Βασιλογιάννης, Παλαιών Ρουμάτων,  84, Σπάρτη,  65061,  19323.35,  1210.66
90, Ψάλτης Α.Ε., Μακρινούς,  188, Χαλκίδα,  35159,  10085.78,  9041.49
91, Κουτελιέρης Δεσύλλας και Λίτσιου, Ραψομμάτη,  264, Φλώρινα,  61716,  23239.68,  2201.01
92, Καρβέλη-Φίλκα, Δολών,  298, Ζάκυνθος,  16886,  18227.3,  11670.64
93, Σκουλαρίδης Α.Ε., Πλ. Σκοτίνης,  142, Πάτρα,  87124,  11140.81,  11586.66
94, Τοδώρης-Κολαΐτου Α.Ε. ΟΜΙΛΟΣ ΕΤΑΙΡΕΙΩΝ, Κολινδρού,  92, Ιωάννινα,  71718,  16219.12,  7570.87
95, Γούλα Γρεβενάρης και Χαμαλίδου, Λαγκαδίων,  81, Γρεβενά,  54210,  9588.91,  4265.22
96, Δερλώπα Σύψα και Γεωργακόπουλος, Λοφίσκου,  245, Αθήνα,  88613,  4490.99,  3817.82
97, Πουλογιαννόπουλος Α.Β.Ε.Ε., Βανάδας,  44, Ναύπλιο,  94883,  15258.75,  15107.18
98, Κομκούδης-Κουτουζίδου Α.Ε. ΟΜΙΛΟΣ ΕΤΑΙΡΕΙΩΝ, Κυρίτση,  249, Πολύγυρος,  21564,  15474.32,  1410.94
99, Πέτσας-Τσουνάκου, Πλ. Πλαισίου,  99, Πάτρα,  87700,  16726.81,  15534.75
100, Μουτουσίδης Α.Ε. ΟΜΙΛΟΣ ΕΤΑΙΡΕΙΩΝ, Χορτάτου,  36, Βέροια,  47720,  24359.22,  25892.97
101, Ματσούρη Πετρογιάννης και Κωσταλής, Παρανεστίου,  83, Μεσολόγγι,  21253,  14183.96,  10713.92
102, Καραλής Α.Ε., Γκραίκα,  236, Πάτρα,  44955,  16086.15,  9345.64
103, Δημητρίου Λαουρδέκης και Σωτηράλης, Σακκή,  249, Πάτρα,  80500,  19661.41,  11194.73
104, Παυλή Α.Ε., Βαλεντή,  61, Ξάνθη,  42743,  17252.32,  15643.76
105, Ζουλούμης Ο.Ε., Λεωφόρος Αλιφείρας,  229, Τρίπολη,  73273,  22244.67,  20824.99
106, Κεσίση-Κεσαλίδης, Ακόβου,  282, Δράμα,  37266,  16643.68,  1475.51
107, Περπινιάς-Μπερεδήμας, Αρσενάκη,  73, Κομοτηνή,  45347,  3594.15,  1489.59
108, Σιμητοπούλου-Βουλτσίδου, Κεφαλή,  26, Ξάνθη,  79144,  23407.46,  8725.81
109, Αξιώτης Μπότης και Βαβουλίδης, Σωτηριανίκων,  125, Ηγουμενίτσα,  41945,  16836.06,  6622.43
110, Παπαγιάννης Τζιόρτζιος και Κουταλιός, Μποχάλης,  123, Δράμα,  85271,  4745.21,  2817.5
111, Χατζησάββας Α.Ε. ΟΜΙΛΟΣ ΕΤΑΙΡΕΙΩΝ, Μηνά,  44, Ναύπλιο,  65190,  10039.88,  8324.55
112, Τσιαμούρας Α.Β.Ε.Ε., Αγίων Δούλων,  142, Καρπενήσι,  33027,  19201.72,  7472.54
113, Κουτσιουμάρη Ο.Ε., Κιζάριον,  52, Λάρισα,  42998,  3484.96,  544.11
114, Παπανικολάου-Μαμμής Α.Ε. ΟΜΙΛΟΣ ΕΤΑΙΡΕΙΩΝ, Τζιόβα,  173, Ρόδος,  53165,  5291.75,  3888.69
115, Σύκας Καρυδά και Μπαντές, Διακουμή,  36, Αργοστόλι,  77765,  3575.14,  4511.66
116, Βαβουράκης-Γούπα, Πάρ. Νυβρίτου,  234, Αργοστόλι,  51021,  15482.13,  9015.39
117, Πουλή-Λουράντος Ο.Ε., Κατσιλλή,  116, Κομοτηνή,  67664,  10384.44,  4369.54
118, Κουλοχέρη-Νικητόπουλος, Παλλήνης,  99, Βόλος,  19206,  15644.5,  5375.61
119, Ελευθερίου-Τσαμπαλή Α.Ε. ΟΜΙΛΟΣ ΕΤΑΙΡΕΙΩΝ, Πλατεία Γέρμας,  141, Τρίκαλα,  21829,  8613.36,  6023.04
120, Βασιλοπούλου και υιοί, Περδικακίου,  174, Κατερίνη,  59424,  8305.57,  7800.27
121, Σδούκου Α.Β.Ε.Ε., Στεφανιάς,  47, Γρεβενά,  72348,  12184.52,  11555.09
122, Νανούρης Α.Β.Ε.Ε., Περιβολίου Δομοκού,  290, Ρέθυμνο,  38408,  19343.02,  3448.52
123, Κουμάρα-Πετσιά Α.Ε. ΟΜΙΛΟΣ ΕΤΑΙΡΕΙΩΝ, Γιαννακοχωρίου,  123, Άρτα,  57777,  24183.08,  9868.87
124, Μακαριάδης Κετεσίδου και Κοτρώτσου, Ρουσσοπουλίου,  211, Κατερίνη,  43532,  8382.3,  55.54
125, Κιτινός Α.Ε. ΟΜΙΛΟΣ ΕΤΑΙΡΕΙΩΝ, Τουρλάδας,  63, Λάρισα,  82226,  10825.28,  7215.05
126, Βούλκος Α.Ε. ΟΜΙΛΟΣ ΕΤΑΙΡΕΙΩΝ, Λεωφ. Αρκάσας,  65, Κέρκυρα,  53890,  23211.52,  12763.12
127, Παπαστεργίου-Κουκουβά Α.Β.Ε.Ε., Τυρού,  262, Βέροια,  14381,  12326.83,  711.73
128, Φλασκή Ο.Ε., Τσεπελόβου,  276, Κόρινθος,  84440,  20139.55,  3192.44
129, Δουβίκας-Πουφτσής, Σκαρφείας,  122, Αργοστόλι,  90654,  23849.37,  22429.21
130, Χατζηχαρίστου και υιοί, Κεράς,  131, Κέρκυρα,  34424,  17868.72,  9896.08
131, Τζινιέρης Ο.Ε., Μουρικίου,  289, Καρδίτσα,  79697,  12453.28,  11285.22
132, Κόλλια-Κυριακίδης, Γραμμενίτσης,  278, Κοζάνη,  68813,  10017.98,  8071.76
133, Δέλιος-Ρέγκας και υιοί, Μανουσοπούλου,  228, Σπάρτη,  87593,  22607.0,  2944.85
134, Χριστοδουλάκης-Παπαδημητροπούλου, Λεωφόρος Βλαχοκερασέας,  170, Πολύγυρος,  82558,  15326.7,  6106.29
135, Σμυρνιώτης-Τσίμη, Διακουμή,  264, Πάτρα,  96076,  5048.69,  4423.85
136, Νταβάς-Ζαρζάνη Α.Β.Ε.Ε., Μεγάλης Παναγίας,  186, Ηγουμενίτσα,  10223,  16203.89,  12822.05
137, Καρατάσου-Ντουλιάς Α.Ε., Καλυβίων Σοχάς,  265, Σέρρες,  69974,  18506.81,  8768.39
138, Μαγκούφης Ορφανιώτης και Μαγούλα, Φασκομηλιάς,  119, Καλαμάτα,  68777,  20322.54,  13633.55
139, Μανοπούλου-Πιπεράκης, Πατρικάτων,  51, Καστοριά,  85305,  8678.16,  1745.79
140, Ζώνιος Σαουλίδης και Ρωμαίου, Πλατεία Μονοδρύου,  140, Ρόδος,  26146,  6043.88,  4108.1
141, Πικούνης Α.Ε. ΟΜΙΛΟΣ ΕΤΑΙΡΕΙΩΝ, Δριμίσκου,  54, Τρίπολη,  82846,  10186.07,  7312.66
142, Ξηροδήμα Α.Ε., Κινιδάρου,  253, Τρίπολη,  29542,  9669.81,  8591.46
143, Καραμπίνα Α.Β.Ε.Ε., Λεωφ. Λαυρεωτικής,  283, Ηράκλειο,  70218,  12410.46,  8380.8
144, Τζιωρτζή-Παπανικολάου, Όρους,  152, Κέρκυρα,  77541,  16691.98,  6201.52
145, Λελεδάκης Τερζής και Καρανασίου, Μακρίσης,  253, Αργοστόλι,  78233,  10433.43,  9133.6
146, Βαλασίδης Λέκκα και Καρατζαφέρης, Κάλφα,  94, Κοζάνη,  59882,  9199.11,  8040.36
147, Μπαλάσκας Γεροδήμος και Τσιομπάνη, Προσηλίων,  181, Θεσσαλονίκη,  67713,  3376.72,  4193.64
148, Κουτσουνάκη Λιανάκης και Δανέζης, Ασσήρου,  90, Θεσσαλονίκη,  57232,  3847.57,  1335.89
149, Ταυλαρίδου Ο.Ε., Τουλούπη,  82, Ναύπλιο,  50189,  6167.83,  7116.71
150, Γραμμένου-Σκαφτούρου Ο.Ε., Λεωφ. Ακροποταμιάς,  188, Ερμούπολη,  75796,  22071.06,  13680.14
151, Τσέλλος-Καρκανάκη, Βαγενιτίου,  251, Τρίπολη,  44645,  19795.55,  4323.76
152, Καστάνης-Στεργιούδης Α.Ε., Πάρ. Πλάκας,  67, Λευκάδα,  78306,  21389.4,  5013.0
153, Πέτρου-Γεωργαλάς, Αχλαδεών,  28, Μυτιλήνη,  56934,  17610.23,  18594.26
154, Κοντός-Λαζαρίδης, Ηγουμενίτσης,  290, Καρπενήσι,  11870,  16524.42,  3185.5
155, Χρυσοβέργης-Βούρας Ο.Ε., Πάροδος Γαλατσώνας,  78, Αργοστόλι,  70820,  8556.03,  7924.41
156, Γαλάνη Πίππας και Αντωνάκος, Μαργαριτάκη,  210, Καστοριά,  97821,  12974.07,  5631.21
157, Μασόπουλος Ο.Ε., Κομπιτσίου,  140, Χίος,  80194,  9953.27,  2979.15
158, Κατσιγιάννη-Κωτούλας, Διποταμιάς,  125, Θεσσαλονίκη,  62136,  23859.97,  13227.78
159, Κυριαννάκη-Οικονόμου, Πεντατίου,  227, Χαλκίδα,  47541,  6105.68,  2609.12
160, Χριστοδουλάκης Α.Ε., Μίνθης,  107, Βέροια,  89811,  14008.93,  387.96
161, Νασιόπουλος Ευαγγελίδη και Παληός, Πλ. Πευκοφύτου,  25, Καλαμάτα,  90142,  23679.59,  6534.65
162, Τσέλλος-Κουτκιά, Μανιάκων,  181, Άρτα,  53042,  24589.79,  13595.86
163, Κουτσιουμάρη-Χατζηγεωργίου, Αμβρακίας,  34, Αργοστόλι,  40757,  5990.22,  2480.03
164, Κυριατσούλης-Διακάκης, Πλατεία Ζήριας,  244, Έδεσσα,  54171,  5597.39,  1570.94
165, Αγγελής-Κοντού, Ευρωπού,  295, Καστοριά,  21008,  5770.19,  3464.9
166, Χρυσάφη Σπασέγκου και Αξαόπουλος, Λευκαδίων,  229, Κατερίνη,  93534,  8089.91,  7363.46
167, Χανταμπή-Σαριδάκη και υιοί, Πάρ. Πολεμαρχίου,  58, Σάμος,  81099,  21964.46,  22760.65
168, Μάνδαλος Βουλτσίδου και Παπανδρικοπούλου, Πλατεία Αγίου Παύλου,  130, Κόρινθος,  47897,  23005.71,  1711.2
169, Παπαδοπούλου-Ευαγγελάκη Ο.Ε., Βερτίσκου,  61, Λαμία,  81162,  12531.67,  6905.69
170, Δρουλιάς-Παπανάνου Α.Ε. ΟΜΙΛΟΣ ΕΤΑΙΡΕΙΩΝ, Παπαδοπούλου,  6, Βόλος,  98932,  11959.46,  10734.65
171, Ξηροτύρη Πιάγκος και Ντανώλα, Μιχαλάρου,  149, Σπάρτη,  94357,  20762.35,  21262.52
172, Μαυρουδής-Στόγιος Α.Ε., Αθηναίων,  97, Κιλκίς,  33331,  9792.73,  972.0
173, Σωτηράλης-Χατζησαββίδης, Χιωτίδου,  159, Ζάκυνθος,  84692,  5980.98,  4103.72
174, Βαλσαμίδου-Δημοβελής Ο.Ε., Ροδινών,  94, Άμφισσα,  66226,  4654.87,  2154.27
175, Τσικρίκα-Καρυδά και υιοί, Λεωφόρος Θέας,  242, Ηράκλειο,  45597,  11183.7,  3504.17
176, Μαντζουράνης Καλαμάρας και Δουλγεράκης, Πετροχωρίου,  152, Αργοστόλι,  61582,  20968.45,  21328.17
177, Εμμανουηλίδου-Χατζηκύρκος, Δέσης,  277, Γρεβενά,  93432,  5955.15,  928.02
178, Κουτσουλής Α.Β.Ε.Ε., Μανιάτη,  194, Ιωάννινα,  30089,  11294.42,  321.77
179, Μπραζιώτης-Ραφιός και υιοί, Καλουδίου,  278, Χανιά,  30727,  8446.64,  2854.85
180, Παρασκευόπουλος Ραφιός και Βασιλείου, Αρβανίτη,  56, Ξάνθη,  71357,  18959.08,  2640.46
181, Καταραχιάς Παπαδημητριάδης και Μαυρίδου, Χαροκόπιον,  242, Αργοστόλι,  74320,  5699.98,  3239.36
182, Λουλάκης-Ρέππα Α.Β.Ε.Ε., Χατζηγεωργίου,  81, Χανιά,  61250,  5558.9,  1311.09
183, Πέττα-Ιωακείμ, Καροπλεσίου,  126, Ηγουμενίτσα,  53404,  16459.17,  12656.71
184, Καπατσώρης Ταβερναράκης και Μακρή, Πλ. Εξαμιλίων,  66, Φλώρινα,  99765,  15586.14,  6739.71
185, Ραφιός και υιοί, Πάροδος Βλάστης,  21, Καρδίτσα,  56148,  24591.46,  4966.08
186, Δημητρίου-Δόσης, Μπατσάκη,  85, Κατερίνη,  97458,  5166.14,  3615.42
187, Χανταμπή Παράνου και Λιάκου, Σταροχωρίου,  210, Τρίπολη,  60393,  16519.85,  9847.02
188, Μακαριάδης-Μπούκος, Βασιλοπούλου,  59, Σέρρες,  71777,  15683.12,  8774.96
189, Κουτελιέρης Α.Ε. ΟΜΙΛΟΣ ΕΤΑΙΡΕΙΩΝ, Δαμασκηνιάς,  95, Μεσολόγγι,  27404,  23560.58,  17345.6
190, Ρούσσου Πανταζής και Ανδρικόπουλος, Μάρκου,  289, Σπάρτη,  83288,  16593.26,  10521.28
191, Μοσχόπουλος-Αβραμίδης και υιοί, Τρεχλού,  121, Αγ. Νικόλαος,  20795,  6092.19,  7636.41
192, Σπηλιώτης-Βαβουράκης Α.Ε. ΟΜΙΛΟΣ ΕΤΑΙΡΕΙΩΝ, Χριστιανουπόλεως,  68, Αργοστόλι,  38530,  11974.97,  3124.97
193, Αντωνέας-Σιτόπουλος, Κυψελοχωρίου,  42, Κόρινθος,  36023,  23907.18,  21623.65
194, Δερμιτζάκης Ο.Ε., Μεσογείου,  191, Ηγουμενίτσα,  78314,  13560.76,  11663.49
195, Κουτσοβίδου Χατζελλής και Ρέππα, Δαμαλά,  240, Αθήνα,  46198,  9267.57,  221.32
196, Λυμαξή Α.Β.Ε.Ε., Βελημαχίου,  14, Ζάκυνθος,  75439,  8680.06,  253.67
197, Πιπερίδη Αργυράκη και Γκίνης, Δελή,  13, Σπάρτη,  36614,  19061.32,  11700.25
198, Κωτούλα-Τσατσάνης, Λεωφόρος Αναβρυτού,  70, Σάμος,  89644,  16922.47,  15682.6
199, Χουδαλάκης Α.Ε., Λεωφ. Αγίου Παντελεήμονα,  269, Χίος,  68033,  8216.72,  7832.76
200, Τζιωρτζή-Τάτση και υιοί, Καραμπίνα,  26, Άρτα,  18468,  6168.4,  2217.24
201, Καραγιάννης-Χασάπη, Κρυφοβού,  74, Λάρισα,  94384,  17187.61,  4712.67
202, Πανκίδου-Κασούτσας Α.Ε. ΟΜΙΛΟΣ ΕΤΑΙΡΕΙΩΝ, Πάρ. Αγίας Ρουμέλης,  239, Κιλκίς,  76648,  17303.91,  8524.86
203, Σπασόπουλος Χουρζαμάνη και Αντωνιάδης, Δαμουλιανάτων,  19, Χίος,  33495,  15855.33,  12194.3
204, Πλακωτάρης-Περδικάκης, Πάρ. Μακρολιβάδου,  108, Ιωάννινα,  67694,  16206.96,  14415.1
205, Γεωργακοπούλου-Μάστορας, Πιραμάς,  114, Άρτα,  85608,  20155.3,  8656.54
206, Σπασόπουλος-Ντανώλα, Ιωαννίνων,  166, Κιλκίς,  44643,  17773.22,  4551.58
207, Τσατσάνης-Καψή, Πλατεία Μεσορρουγίου,  115, Αγ. Νικόλαος,  51561,  9404.93,  51.37
208, Καρούντζος Μαστρογιάννης και Κουτσικόπουλος, Πάροδος Καρυουπόλεως,  24, Αργοστόλι,  25161,  11581.77,  2032.36
209, Σπανδωνίδης-Καφαντάρης, Δραΐνας,  206, Φλώρινα,  73313,  7340.43,  3992.89
210, Λιόντη-Τσούμος, Κομηλίου,  199, Καστοριά,  11717,  6572.93,  468.42
211, Κουλοχέρη Α.Ε. ΟΜΙΛΟΣ ΕΤΑΙΡΕΙΩΝ, Λευκίμμης,  287, Καρδίτσα,  14705,  8810.04,  6226.18
212, Γαλανάκη-Σάτλας, Λούβρου,  254, Ιωάννινα,  86320,  19744.61,  5315.32
213, Παπαγεωργίου Μισίδου και Παπανώτα, Αετού,  112, Κομοτηνή,  79514,  8711.2,  6881.97
214, Φωκάς-Σκαρπέτας, Θωκνίας,  156, Καρδίτσα,  95339,  24650.71,  21844.19
215, Καμπούρη Σιτόπουλος και Πολυχρόνης, Γαλανάδου,  216, Αθήνα,  38176,  13217.59,  7784.8
216, Λάππας-Τσάκη Ο.Ε., Σπυριδάκη,  57, Τρίπολη,  32949,  22390.34,  4917.07
217, Μπαλάσκας-Στεργιούδης Ο.Ε., Λεωφόρος Αγίων Παρασκιών,  90, Κατερίνη,  54108,  22750.52,  8093.48
218, Τζιόρτζιος-Πουφτσής Α.Ε., Βόλβης,  85, Αθήνα,  79512,  8372.58,  4772.03
219, Μποτώνης-Καλλιάνταση και υιοί, Μαντασιάς,  37, Σέρρες,  40161,  10355.21,  9178.71
220, Κιτινός Ο.Ε., Μπιμπίρη,  297, Ρέθυμνο,  27986,  11517.15,  6115.34
221, Γιατρομανωλάκης Ο.Ε., Παυλάκη,  295, Μυτιλήνη,  33903,  20431.93,  1125.72
222, Πλατάκη-Λεβέντης, Τοπολίων,  220, Αργοστόλι,  79537,  21158.75,  18868.36
223, Παπανικολάου-Πολυχρονόπουλος Α.Β.Ε.Ε., Γιαννοπούλου,  23, Ρόδος,  17267,  6502.13,  6151.7
224, Μπακουλή-Λάππας και υιοί, Γαρδελάδων,  145, Ρόδος,  91617,  3176.74,  2708.29
225, Κατσαρός Α.Ε. ΟΜΙΛΟΣ ΕΤΑΙΡΕΙΩΝ, Πλαισίων Μαλακασίου,  295, Κομοτηνή,  13879,  10311.8,  1437.01
226, Δρουλιάς Κατσανίκου και Αντωνίου, Σπηλιάδου,  270, Σπάρτη,  55601,  11748.27,  2470.71
227, Σαρίκας-Ποταμιάνου, Διαμαντοπούλου,  25, Βέροια,  94176,  21077.26,  22873.16
228, Γιαννακουδάκη-Παναγιωτακοπούλου Α.Β.Ε.Ε., Χώνου,  171, Αγ. Νικόλαος,  99565,  8135.7,  3440.99
229, Δημητριάδου-Μπεκάκου, Πάροδος Μετοχίου,  242, Λιβαδιά,  91065,  7568.51,  818.47
230, Θεοδοσίου και υιοί, Κυρούδη,  38, Ναύπλιο,  62846,  23619.29,  16225.6
231, Κανελλή Νώε και Κοτσινά, Μάρθας,  168, Ρέθυμνο,  31629,  7738.5,  7085.33
232, Γιαννακίτσας-Μπερμπατιώτης Α.Β.Ε.Ε., Μπαμπαλιού,  116, Κόρινθος,  36787,  19159.02,  10409.74
233, Μασίκα-Αποστολακάκης, Παππάδου,  105, Ηγουμενίτσα,  92592,  16988.97,  2011.52
234, Καμποσάκης-Δημητρέλου, Βατίου,  194, Ζάκυνθος,  49974,  19374.65,  15653.27
235, Κουλίδης-Φωτογλίδης, Πάροδος Καμισιανών,  122, Κέρκυρα,  42839,  22716.4,  8811.18
236, Σπηλιώτης-Ζιώγος Ο.Ε., Αραπάκη,  69, Φλώρινα,  42531,  12338.5,  3283.06
237, Καλαπόδης Πετρίδης και Γαλατούλας, Καβάλου,  81, Ρέθυμνο,  17100,  21780.05,  5502.81
238, Καβούρης και υιοί, Τσικαλαριών,  45, Σπάρτη,  49962,  23866.02,  13084.91
239, Στούμπου Α.Β.Ε.Ε., Δελβινακίου,  287, Μυτιλήνη,  68952,  12314.26,  10205.1
240, Νασίκας Ο.Ε., Οβριάς,  278, Πάτρα,  52181,  7773.34,  324.43
241, Ζαννίκου-Μακρυκώστας Α.Ε., Παπαευαγγελίου,  121, Πρέβεζα,  25212,  8118.73,  8420.17
242, Καρκανάκη Σκοτάδη και Νικολοπούλου, Αλιάρτου,  112, Άμφισσα,  96747,  5063.83,  1824.29
243, Ζώτος και υιοί, Αγραπιδιάς,  195, Τρίκαλα,  81349,  4969.66,  1493.85
244, Μυτάρη Κουτσοβίδου και Τριαντακωνσταντής, Αμοργού,  159, Ζάκυνθος,  11611,  21884.66,  4077.65
245, Αθανασιάδου Ευαγγελινός και Ότσος, Βαζούρα,  9, Καστοριά,  42625,  15056.86,  14422.68
246, Τζιόρτζιος Α.Ε. ΟΜΙΛΟΣ ΕΤΑΙΡΕΙΩΝ, Καναλλακίου,  234, Χαλκίδα,  15505,  12062.51,  10817.41
247, Γαβριηλίδη-Κολοκάθης Α.Β.Ε.Ε., Καρυών,  75, Τρίπολη,  20810,  4514.0,  2008.88
248, Παπουδής Α.Β.Ε.Ε., Τσαμπούρη,  6, Γρεβενά,  20126,  17840.94,  3948.11
249, Τουλούπη-Καλαϊτζοπούλου Α.Ε., Αρνά,  271, Πολύγυρος,  77166,  15286.47,  6558.98
250, Χατζηγεωργίου Α.Ε. ΟΜΙΛΟΣ ΕΤΑΙΡΕΙΩΝ, Αναστάσεως,  220, Αγ. Νικόλαος,  82945,  12638.82,  7982.35
251, Καραμάνος Ριζούλης και Αραμπατζής, Τερόβου,  159, Σάμος,  99007,  22751.49,  3827.3
252, Γκάγκας και υιοί, Πλατεία Μακροταντάλου,  23, Ξάνθη,  79120,  22843.35,  12384.58
253, Τσιάκος-Παρασκευόπουλος Ο.Ε., Μύλων,  5, Κομοτηνή,  38251,  6148.01,  5780.62
254, Ζηρός Α.Ε. ΟΜΙΛΟΣ ΕΤΑΙΡΕΙΩΝ, Πισκοπάνη,  247, Φλώρινα,  37527,  10619.95,  8757.02
255, Μπαλταγιάννης Θεοδωρόπουλος και Φωκάς, Τσίμη,  150, Αγ. Νικόλαος,  13538,  4155.88,  2270.11
256, Καλδή-Μπούζα Α.Ε. ΟΜΙΛΟΣ ΕΤΑΙΡΕΙΩΝ, Αμάδων,  47, Καβάλα,  26400,  15415.3,  1753.62
257, Καρυδά-Πέττα Α.Ε., Δροσινή,  1, Θεσσαλονίκη,  23880,  13582.6,  2330.28
258, Αρχαυλής Α.Ε., Τεμενίων,  244, Αργοστόλι,  84366,  9657.86,  1254.93
259, Σαμτανίδου Μάρρας και Μαυροπούλου, Λεωφ. Κρανιδίου,  239, Ιωάννινα,  37647,  5176.72,  1328.78
260, Πευκιανάκης-Χρυσικάκη, Πλατεία Αετολόφου,  143, Λιβαδιά,  21027,  4153.6,  438.48
261, Ματσούρη Ο.Ε., Λεωφ. Ταγαράδων,  186, Ναύπλιο,  60093,  13411.55,  3657.43
262, Καρανικόλας Τζεβελέκος και Κεφαλή, Σοκολάκη,  77, Έδεσσα,  61409,  13885.95,  8220.13
263, Αθανασιάδη Ο.Ε., Ελάφου,  271, Βόλος,  67053,  5464.58,  2727.32
264, Φουντζούλας Κουτελιέρης και Λέλεκας, Πάροδος Αγίου Δημητρίου Μονεμβασίας,  243, Ρέθυμνο,  32507,  21540.74,  8364.63
265, Αμυγδαλάκης Α.Ε. ΟΜΙΛΟΣ ΕΤΑΙΡΕΙΩΝ, Ρυζιών,  209, Λιβαδιά,  66583,  24486.08,  523.02
266, Χορτάτου-Ταμιωλάκης και υιοί, Αδαμοπούλου,  257, Λευκάδα,  30783,  21331.47,  8153.69
267, Νώε-Πορίχης, Κουμπουριανών,  263, Σέρρες,  87032,  20002.57,  13200.47
268, Μποτώνης-Ευστρατόπουλος, Χασάπη,  3, Καστοριά,  69125,  9234.08,  6967.44
269, Βυζιηνού-Λαλαούνη, Χατζημιχαήλ,  54, Μυτιλήνη,  60188,  3054.0,  632.17
270, Βασιλογιάννης Σπαθάρη και Κυρούδη, Ρυζιών,  69, Ρέθυμνο,  87774,  22031.06,  16573.38
271, Κεφαλή-Μαμμής Α.Ε. ΟΜΙΛΟΣ ΕΤΑΙΡΕΙΩΝ, Μάλαμα,  43, Βέροια,  37088,  14660.55,  11260.35
272, Κυριακάκης Σεβδάς και Βοσινάκη, Πάροδος Κεφαλά,  222, Έδεσσα,  85165,  8832.61,  7975.59
273, Κονιάρη-Πατελλή, Σουλίου,  281, Λιβαδιά,  72858,  17322.96,  10529.34
274, Λαφατζής-Πισκοπάνη, Πάροδος Σκλαβοπούλας,  294, Μεσολόγγι,  73724,  20412.44,  14755.71
275, Πισχινάς Ατσαλάκη και Σιώρης, Βασιλάκη,  100, Πρέβεζα,  65262,  20299.5,  10291.59
276, Χαλαντζούκα Κυρίτση και Μουτουσίδης, Θασίτου,  152, Γρεβενά,  66269,  12081.25,  8015.23
277, Μενγκ-Χριστογιάννη Α.Ε. ΟΜΙΛΟΣ ΕΤΑΙΡΕΙΩΝ, Αρδαμερίου,  273, Καστοριά,  28271,  11190.31,  4233.44
278, Μανιάτη-Κουτσουρέλης Α.Ε., Βερβεράτου,  253, Κατερίνη,  22152,  6110.98,  3621.93
279, Ζηδιανάκης-Βουλγαρίδου, Σιλίμνης,  217, Χίος,  91618,  4351.79,  3096.51
280, Βαλαβάνης Μαγκαφοπούλου και Ταμπορρίνο, Αναστασάκη,  65, Χανιά,  23495,  5876.81,  1433.19
281, Τορομίδης Χωρινού και Φιλιππάκης, Πολυλάκκου,  264, Κιλκίς,  23280,  14192.05,  12813.7
282, Λεμονής-Δραμουντάνη, Μετόχιο Προδρόμου,  95, Μυτιλήνη,  98172,  19856.8,  7833.32
283, Πορίχης-Μπατσάκη, Ποδοχωρίου,  177, Σέρρες,  77315,  20469.97,  8382.09
284, Μπαφέρα Ζιάρα και Κατσίπης, Πάρ. Μεγαλόχαρης,  256, Λιβαδιά,  22796,  16428.74,  7853.68
285, Φουσιέκης-Δαμήλου, Λαπαναγών,  28, Ερμούπολη,  56454,  21052.49,  503.08
286, Παπαθεοδοσίου-Ζαχαρίου, Λεπτοκαρυών,  298, Δράμα,  28967,  3775.75,  3471.03
287, Καραγιάννης Α.Ε. ΟΜΙΛΟΣ ΕΤΑΙΡΕΙΩΝ, Ντάνου,  94, Φλώρινα,  66764,  17542.19,  96.63
288, Φαρμάκη Τρεντσίου και Μπίλλας, Νεγράδων,  252, Χίος,  77287,  23845.2,  8776.2
289, Κιτινός Α.Ε., Μανθυρέας,  144, Μεσολόγγι,  78307,  9416.29,  4065.65
290, Μαστρογιαννίδου και υιοί, Βλαχοδήμου,  63, Κομοτηνή,  19470,  23155.54,  2216.01
291, Αλυσανδράτου Α.Ε., Πάροδος Άστρους,  225, Λάρισα,  87387,  3886.28,  1354.9
292, Γκαγκαουδάκης Ο.Ε., Λειανοκλαδίου,  295, Αργοστόλι,  12837,  13579.51,  3981.49
293, Θωμόπουλος Θασίτου και Πετρόπουλος, Ρέππα,  85, Θεσσαλονίκη,  34182,  8757.32,  5681.03
294, Δουκάς Μαυρομμάτης και Καλαϊτζάκης, Κοκκίνου,  294, Αλεξανδρούπολη,  69159,  6110.63,  4999.34
295, Ρόκας και υιοί, Λεωφόρος Πεμονίων,  78, Καλαμάτα,  55200,  24947.63,  9555.13
296, Πουρνάρα Α.Ε. ΟΜΙΛΟΣ ΕΤΑΙΡΕΙΩΝ, Χαϊκαλίου,  1, Καρπενήσι,  80107,  16187.5,  9660.91
297, Ραγκούσης Κόλλια και Τριανταφύλλου, Νώε,  297, Ναύπλιο,  63777,  21099.67,  1593.88
298, Τερζίδης Καρακυρίου και Κουρκουτάς, Πλατανίων,  266, Δράμα,  49627,  16719.82,  4217.44
299, Χατζηδάκη-Δαμαλά, Κρύας,  41, Κιλκίς,  97168,  23938.97,  9325.88
300, Κακοσαίος-Μπαρκούτα, Πλατεία Βιρού,  202, Λιβαδιά,  91871,  6967.03,  6303.52
301, Κουκουβίνος Ο.Ε., Ασπροβάλτας,  252, Ξάνθη,  89517,  21654.22,  8880.27
302, Κυρούδη-Κεσεμίδης, Μικροθηβών,  23, Θεσσαλονίκη,  62707,  14800.76,  3794.99
303, Τσαμαδός-Παπουδής, Γεφύρας,  134, Κόρινθος,  73011,  8779.33,  3137.0
304, Σπορδιλής-Χατζόπουλος Α.Β.Ε.Ε., Πλαγιαρίου,  108, Πολύγυρος,  64300,  13569.07,  13243.13
305, Σαββάκη Ο.Ε., Δούβαλη,  115, Άμφισσα,  46929,  9684.59,  2414.68
306, Κοτσαρής-Δίγκας, Νώε,  151, Ξάνθη,  24903,  18870.56,  17629.43
307, Πευκιανάκης-Ιωσηφίδης Ο.Ε., Παπανδρέου,  64, Χανιά,  49709,  24960.68,  10820.0
308, Πάντζιου-Τζαλλας και υιοί, Βαζούρα,  48, Βέροια,  97939,  3644.46,  1033.47
309, Νταβάς Καργάκου και Δανέζης, Πλατεία Ραχτάδων,  92, Καλαμάτα,  24045,  13172.27,  4124.3
310, Γκούβα Παπαγιαννόπουλος και Μαυρομανωλάκης, Λεωφ. Κουρέντων,  87, Κατερίνη,  35683,  19579.13,  10780.36
311, Κλεινάκη-Κωστοπούλου, Φουρκιώτη,  158, Λαμία,  57909,  21629.11,  777.67
312, Βορλόκας Α.Β.Ε.Ε., Μπεσύρη,  78, Αργοστόλι,  79026,  5689.61,  2992.62
313, Δελή και υιοί, Πλατεία Κονιστρών,  105, Λαμία,  66580,  16833.44,  8042.33
314, Δημητριάδου-Αποστολίδου, Δρυμαλίτου,  98, Τρίπολη,  42979,  6086.09,  7222.55
315, Κόλλια-Κλήμης και υιοί, Αυλοτόπου,  222, Ρέθυμνο,  32702,  3171.18,  809.11
316, Τσάκη Σακελλαρίου και Δαγλή, Κατσαρωνίου,  57, Καλαμάτα,  12013,  13468.54,  2817.81
317, Μακρή-Ξηρός, Σωτηριανίκων,  177, Χίος,  17396,  19925.94,  16938.08
318, Μυλωνάς Χιτός και Κουρσάρης, Μελίσσης,  181, Χίος,  91773,  7933.76,  199.81
319, Μαυρικάκης και υιοί, Γαρούνας,  124, Ρέθυμνο,  46179,  10635.11,  8501.23
320, Καλογιαννάκη Παπανδρικοπούλου και Κατσούλα, Ζαράκων,  39, Λιβαδιά,  72263,  13595.09,  2681.0
321, Λαγοπάτης-Αλατζάκης, Σημάντρου,  42, Κέρκυρα,  96474,  17553.87,  16586.59
322, Σαμαράς-Σπανδωνίδης Ο.Ε., Γιαννακοχωρίου,  37, Καστοριά,  18082,  18968.28,  10312.78
323, Κοντού Γκάγκας και Κορομπόκη, Κουκουναράς,  257, Σάμος,  37629,  5619.26,  7388.23
324, Ανεζάκη-Δακαναλής, Δαρδιώτη,  298, Ρόδος,  57044,  3500.21,  763.3
325, Κολτσάκη Α.Ε., Λεωφ. Μαρμαρίνης,  234, Κατερίνη,  34273,  20592.93,  18474.28
326, Καρακάξης Ο.Ε., Κωστοπούλου,  181, Χανιά,  65777,  10746.5,  871.9
327, Σολωμίδου Ο.Ε., Καμενίτσης,  268, Αλεξανδρούπολη,  40533,  12214.9,  9773.42
328, Σταμόπουλος Α.Ε., Ροδιάς,  75, Μυτιλήνη,  87270,  14251.97,  9058.29
329, Τζουμάκης-Τσαμαδός, Συμεωνίδου,  258, Ηράκλειο,  71700,  3334.29,  845.02
330, Κουρής και υιοί, Πολυχρόνου,  131, Αγ. Νικόλαος,  76995,  10649.1,  5739.88
331, Μοσχοβάκη-Δουκίδου, Μακρίσης,  144, Πάτρα,  70648,  3538.45,  214.21
332, Τσιούπρα και υιοί, Σπανίδου,  249, Βέροια,  45603,  23974.32,  7931.29
333, Ζούνης-Μπαλανίκα Ο.Ε., Καδίου,  299, Κόρινθος,  76455,  24405.91,  12973.57
334, Ξανθοπούλου-Αργυρόπουλος και υιοί, Παραδεισίου,  6, Άρτα,  63774,  18730.46,  15674.14
335, Αργυροπούλου Σεβαστού και Οικονόμου, Βέργης,  267, Μεσολόγγι,  90347,  9164.64,  4102.05
336, Χατζόπουλος Μιχελακάκη και Νασιόπουλος, Παππαρουσίου,  167, Ρόδος,  31646,  17254.55,  16729.87
337, Σπαθάρη-Τσακμάκης, Λεωφόρος Φτελιάς,  218, Θεσσαλονίκη,  96413,  24948.77,  26198.57
338, Σπανίδου Παπανώτα και Ψυχάρη, Λεωφόρος Κορώνης,  260, Καρπενήσι,  49015,  7163.22,  6479.78
339, Ιντζές-Παλλάς, Πλατεία Σιγρίου,  263, Πολύγυρος,  96308,  7647.01,  7517.69
340, Πετριτάκης-Κυριακούλη Α.Β.Ε.Ε., Τούμπας,  156, Καλαμάτα,  66465,  17090.24,  4632.61
341, Ανδριανός-Βαϊτσόπουλος, Πάρ. Ρωμανού,  193, Αγ. Νικόλαος,  37660,  13832.12,  4169.88
342, Κουτουζίδου Α.Ε., Καλομοίρη,  153, Κιλκίς,  97466,  17656.73,  333.71
343, Στραβοσνίχης Βελεντζάς και Λώλος, Λεωφ. Ροδιανής,  273, Ξάνθη,  53445,  10208.81,  2027.51
344, Τσαγκρασούλης-Δημητρίου, Ξορυχτίου,  180, Γρεβενά,  75115,  10387.86,  9331.03
345, Αβραμιώτης-Βαλασίδης, Πλατεία Σκαλανίου,  283, Κέρκυρα,  87792,  17048.07,  13524.91
346, Χατζησταυράκης Α.Ε., Πλατεία Σκιλλουντίας,  175, Λιβαδιά,  22216,  19827.02,  14064.84
347, Ταξίδου Αποστολίδης και Κετεσίδου, Κατσιγιάννη,  137, Χαλκίδα,  60277,  3018.62,  4654.87
348, Ζώνιος και υιοί, Θεοδωροπούλου,  115, Πρέβεζα,  90542,  3132.03,  15.32
349, Αγγελής-Φιλιάγκου Ο.Ε., Δουκαναιίκων,  251, Γρεβενά,  17950,  22120.58,  16113.68
350, Μίσχος Ο.Ε., Πάροδος Προφίλιας,  81, Κομοτηνή,  86443,  19884.89,  7296.37
351, Τερζής Ο.Ε., Λαγκάδας,  210, Μυτιλήνη,  39457,  21647.61,  8860.46
352, Κουρσάρης Α.Ε. ΟΜΙΛΟΣ ΕΤΑΙΡΕΙΩΝ, Πάρ. Σαρανταπήχου,  128, Μεσολόγγι,  42748,  24289.74,  20191.21
353, Τάτση Α.Β.Ε.Ε., Πάρ. Πλανητέρου,  8, Κατερίνη,  28627,  24910.95,  24709.67
354, Δίγκας-Πετριτάκης Ο.Ε., Ευδήλου,  240, Λαμία,  16557,  8730.34,  1846.05
355, Σκυλογιάννη και υιοί, Δριμίσκου,  160, Μεσολόγγι,  32398,  18184.09,  5436.49
356, Λυρή Πανταζή και Παπαστεργίου, Αλεξανδρίδου,  251, Ιωάννινα,  93648,  17079.64,  13440.76
357, Στραβοσνίχης-Σπαθόπουλος Α.Β.Ε.Ε., Φωσταίνης,  12, Άμφισσα,  26944,  12118.25,  6810.39
358, Τσαγκρασούλης-Δραμουντάνη, Καμινάρη,  249, Ρέθυμνο,  42014,  17668.59,  3306.05
359, Ρούσσου και υιοί, Βρίσας,  102, Φλώρινα,  93223,  13517.42,  1736.44
360, Εμμανουήλ-Καρακώστα, Πάροδος Διγελιωτίκων,  78, Καρπενήσι,  86563,  10805.74,  5125.13
361, Σαρρός-Γκαλίου, Ροδίτου,  232, Αθήνα,  49590,  13165.09,  12098.25
362, Τσιαντάς-Παπασταύρου Α.Ε. ΟΜΙΛΟΣ ΕΤΑΙΡΕΙΩΝ, Μπατσάκη,  276, Βέροια,  83041,  16704.37,  6869.5
363, Σωτηροπούλου-Γρηγορίου Α.Ε. ΟΜΙΛΟΣ ΕΤΑΙΡΕΙΩΝ, Αρφαρών,  169, Βέροια,  24313,  7527.53,  336.91
364, Καλιάμπος-Γκίκας Ο.Ε., Ανθοχωρίου Μετσόβου,  124, Γρεβενά,  65892,  3150.94,  2266.67
365, Πατελλή-Προύβα, Πλατεία Δένδρων Τυρνάβου,  136, Κομοτηνή,  38394,  14424.27,  818.61
366, Μιχαλάρου-Ξανθάκης, Χρυσαυγής,  143, Σπάρτη,  52859,  4993.41,  4455.78
367, Μητσόπουλος Κωτούλας και Καρτάς, Πλ. Δελερίων,  197, Ρόδος,  33120,  22653.18,  3654.77
368, Πουλημένος Ο.Ε., Βουνάργου,  44, Λάρισα,  43108,  15909.62,  11539.91
369, Καραγιάννης-Συρρής, Πλ. Λευκίμμης,  12, Χανιά,  43622,  14083.12,  2551.4
370, Μανωλέας Α.Ε., Μαρτιάδου,  51, Άμφισσα,  35440,  11621.78,  7369.15
371, Χριστογιάννη-Ευαγγελινός και υιοί, Φλόκας,  23, Σέρρες,  29569,  3429.14,  3144.96
372, Ξυγκάκου Αθανασιάδη και Δρακάκη, Μασαούτη,  140, Άμφισσα,  35392,  8990.72,  9535.22
373, Ξανθάκης-Παπαθανασίου, Φαρακλού,  295, Τρίκαλα,  91167,  11855.6,  3203.43
374, Μέλανι Α.Ε., Λεωφόρος Μεσοβουνίων,  8, Έδεσσα,  40828,  16564.87,  6470.62
375, Καλιτσουνάκης-Τσιωλξ, Ασπρούλας,  198, Καρπενήσι,  18685,  20104.53,  4032.45
376, Τσουκνίδας-Ζαφείρη Α.Β.Ε.Ε., Αλικάμπου,  17, Καλαμάτα,  22947,  22835.1,  7175.66
377, Χριστόπουλος-Κασσωτάκη, Αμάδων,  195, Κατερίνη,  46190,  13187.82,  579.34
378, Ραγκούσης-Ρόκας, Πλατεία Βερίνου,  180, Κόρινθος,  34379,  19952.26,  12735.84
379, Γρατσιάς Γεωργή και Τυράλης, Συβιλιά,  18, Μυτιλήνη,  50887,  17716.34,  4731.98
380, Κοντός-Σαραφίδης Α.Ε., Μαράκη,  35, Σάμος,  11168,  19005.35,  1165.44
381, Καπανταϊδάκη Βούλκος και Χατζηγεωργίου, Μικράς Μαντινείας,  202, Καρδίτσα,  48045,  11903.37,  11509.02
382, Πέππας-Μάντου Α.Ε. ΟΜΙΛΟΣ ΕΤΑΙΡΕΙΩΝ, Πυργιωτίκων,  135, Ηγουμενίτσα,  83185,  20868.12,  1697.55
383, Νανούρης-Παντζέκος Α.Ε. ΟΜΙΛΟΣ ΕΤΑΙΡΕΙΩΝ, Επισκοπής,  211, Κομοτηνή,  69343,  5495.82,  4764.43
384, Παπαδημητράκης-Μπερμπατιώτης, Ζωνιανών,  222, Τρίπολη,  46531,  9938.1,  4174.17
385, Βαλιάκα-Βαζούρα και υιοί, Πάροδος Κουτσοποδίου,  204, Ιωάννινα,  60682,  13784.03,  5025.52
386, Κλεινάκη-Δαρδιώτη και υιοί, Παλαίρου,  175, Κέρκυρα,  41794,  6149.32,  1576.33
387, Ορφανιώτης Α.Ε., Καλεντζίου,  107, Μυτιλήνη,  99193,  19328.69,  4829.46
388, Τριφτανίδου Χατζηγρηγοράκης και Τυμβίου, Αγριάς,  281, Άμφισσα,  91673,  12126.44,  4359.95
389, Χωριανοπούλου Τσότρας και Βακαλάκης, Μεγάλης Δοξιπάρας,  121, Κατερίνη,  92996,  12017.81,  7294.52
390, Νίκα-Τραγούστη, Καρπάθου,  213, Χαλκίδα,  50307,  22499.04,  3723.89
391, Δαρσακλή Φωτακοπούλου και Δρυμαλίτου, Πάροδος Βαρλαάμ,  250, Καλαμάτα,  15689,  7557.28,  1363.93
392, Σαμανίδης-Καργάκου, Δαμακινίου,  84, Πάτρα,  27767,  11151.83,  2119.05
393, Γκούσκος Μπαρκούτα και Δεσύλλας, Μουλιανών,  36, Πύργος,  12264,  23375.77,  24339.31
394, Ιατρόπουλος-Αντωνόπουλος Ο.Ε., Ξανθάτων,  193, Έδεσσα,  99159,  21282.97,  10644.86
395, Κυριακοπούλου-Παπαγεωργίου Α.Ε., Πέλλης,  217, Φλώρινα,  96004,  4926.84,  203.14
396, Κάκκα Α.Ε. ΟΜΙΛΟΣ ΕΤΑΙΡΕΙΩΝ, Ριαχόβου,  130, Πάτρα,  20762,  7527.02,  2290.59
397, Καρανικόλας-Πισκοπάνη, Καταπόλων,  121, Χίος,  40546,  15124.55,  2798.63
398, Τσαντίδου και υιοί, Πλατεία Σαμοθράκης,  259, Λαμία,  82253,  17377.72,  13689.42
399, Μίσχος Α.Ε. ΟΜΙΛΟΣ ΕΤΑΙΡΕΙΩΝ, Ντζιαβίδα,  266, Έδεσσα,  76988,  9861.59,  8577.47
400, Λελεδάκης Α.Ε. ΟΜΙΛΟΣ ΕΤΑΙΡΕΙΩΝ, Ισθμίας,  54, Λιβαδιά,  92284,  18602.33,  2410.26
401, Χονδρολίδης   Δάφνη και Βαρακλής, Λεωφ. Σκοτούσσης,  35, Ηράκλειο,  36235,  9160.92,  5168.99
402, Τσανάκα Κοντογεωργάκη και Μίσχος, Εξοχικού,  78, Κατερίνη,  60367,  5491.66,  816.08
403, Βαφειάδου-Σαρρός, Πάρ. Μουλίων,  132, Ξάνθη,  39642,  8882.17,  3738.79
404, Γιαννακουδάκης-Νιτσοτόλης Ο.Ε., Θωμάκου,  272, Άμφισσα,  30098,  9878.3,  6592.37
405, Μπραζιώτης Βασιλείου και Δινεζάκης, Μεθώνης,  258, Έδεσσα,  21468,  6717.42,  5559.58
406, Χρυσίδης Α.Β.Ε.Ε., Χωρυγίου,  277, Θεσσαλονίκη,  39478,  20019.64,  5975.23
407, Γκατζογιάννης Α.Ε., Μοιρών,  133, Πάτρα,  62619,  24934.67,  9685.84
408, Δώρη-Κατσούλα Α.Ε. ΟΜΙΛΟΣ ΕΤΑΙΡΕΙΩΝ, Χατζή,  222, Ξάνθη,  89263,  10137.36,  6915.94
409, Ευστρατόπουλος Α.Ε. ΟΜΙΛΟΣ ΕΤΑΙΡΕΙΩΝ, Κομπηγαδίου,  224, Τρίπολη,  54752,  18082.47,  5616.48
410, Ταχτσίδης-Δίγκας Α.Ε., Μολυβδοσκεπάστου,  248, Βόλος,  71373,  24078.56,  13671.11
411, Τυμβίου-Κεσαλίδης Α.Β.Ε.Ε., Πλατεία Παλαιόστανης,  268, Καρπενήσι,  34952,  20585.49,  19299.91
412, Κουθούρη Κακατσός και Παυλίδου, Κατσιμάλη,  228, Ρέθυμνο,  63658,  18776.94,  1590.38
413, Δερλώπα-Αλατζάκης Α.Ε. ΟΜΙΛΟΣ ΕΤΑΙΡΕΙΩΝ, Μαρκαντωνάκη,  238, Θεσσαλονίκη,  41730,  23176.71,  13266.89
414, Καλογιαννάκη Καρολίδου και Δημτσούδη, Λεωφόρος Πελετών,  277, Καστοριά,  68776,  16062.98,  7568.08
415, Αντωνόπουλος Ο.Ε., Βελεστίνου,  56, Βόλος,  15206,  24588.44,  12496.21
416, Σαουλίδης-Χατζηγεωργίου και υιοί, Βασιλακίου,  208, Αργοστόλι,  34101,  17797.13,  2627.31
417, Ταφραλή-Μαυρίδου Α.Ε., Μαρκοπούλου,  150, Χίος,  23628,  23060.16,  3962.95
418, Περδίκης Κορμπόπουλος και Εμπορόπουλος, Πλ. Κεραμιδίου,  287, Χίος,  12122,  6037.11,  771.8
419, Πίτσης Πλιάτσικας και Κουκουβά, Παναγιωτακοπούλου,  179, Ερμούπολη,  24530,  14197.02,  9064.97
420, Μακρυγιάννης-Φρονιμάκη, Πλ. Βυσσινέας,  203, Βέροια,  92791,  15511.38,  5484.37
421, Ναούμ-Στρατογιάννη Α.Ε., Βρυσέλλας,  167, Γρεβενά,  14151,  20388.77,  14545.9
422, Κυργιά Ο.Ε., Χατζηφώτη,  135, Άμφισσα,  65926,  15539.59,  3276.78
423, Κατσίφος-Κίτσου, Βυτίνης,  254, Πρέβεζα,  30907,  4393.82,  3564.32
424, Παπαδημητράκης-Ορφανάκης, Γεωργακοπούλου,  248, Καρπενήσι,  28009,  11109.58,  9847.19
425, Σιμιτζή-Κουρής Ο.Ε., Λεωφόρος Αφράτου,  290, Ζάκυνθος,  21339,  22237.01,  13459.94
426, Πατμανίδης-Φειδερόπουλος, Γεωργή,  190, Σέρρες,  11805,  5398.76,  390.27
427, Κλεινάκη Κουρελής και Καραδήμος, Αγδινών,  101, Γρεβενά,  59774,  12195.25,  9473.89
428, Κοτσαρής Α.Ε. ΟΜΙΛΟΣ ΕΤΑΙΡΕΙΩΝ, Πολυκεράσου,  229, Έδεσσα,  52026,  21448.81,  8145.56
429, Παυλάκη Α.Ε., Βικίου,  80, Βόλος,  86666,  8640.91,  5038.2
430, Σαμαράς και υιοί, Κληματιάς,  201, Καρδίτσα,  94210,  3588.09,  2994.32
431, Προβής Σκαρλάτος και Καρανασίου, Κρυονερίου,  169, Ερμούπολη,  75762,  15700.49,  5809.91
432, Γερόπουλος Α.Β.Ε.Ε., Μάντου,  80, Καλαμάτα,  52520,  17794.86,  17405.65
433, Μαρτιάδου-Αλεξόπουλος, Γκούβα,  144, Καρπενήσι,  87603,  23050.65,  10080.42
434, Σταθόπουλος Ο.Ε., Νεύρα,  191, Ναύπλιο,  51420,  5632.87,  3230.99
435, Αβαγιανός-Ρίγκος, Λεωφόρος Ξινονερίου,  248, Πύργος,  75306,  16696.88,  14041.97
436, Σπορδιλής-Βαρσάμου Ο.Ε., Πλατεία Καταπόλων,  23, Ιωάννινα,  92494,  19487.95,  6347.9
437, Τρομπούκη Οικονόμου και Μαντά, Μηλέα,  299, Καρπενήσι,  50320,  10079.23,  7831.81
438, Φιλιππάτος Σουρμπής και Μπατσάκη, Καρυδίου Μιραμπέλλου,  113, Ξάνθη,  24998,  8977.91,  1113.79
439, Καλαργυρός-Τριανταφύλλου Α.Ε. ΟΜΙΛΟΣ ΕΤΑΙΡΕΙΩΝ, Καρδιάς,  118, Πρέβεζα,  79939,  18937.26,  19231.69
440, Καραμάνη-Φανουργάκης, Λαδικούς,  91, Σπάρτη,  69311,  16908.57,  3108.87
441, Βούλγαρης Ο.Ε., Πάρ. Φιγαλείας,  96, Αθήνα,  18306,  9461.72,  6419.74
442, Μητροπούλου Μπιμπίρη και Μπερεδήμας, Αναρράχης,  297, Λευκάδα,  69471,  4964.52,  3280.12
443, Παπουδής Σδραλλής και Σαλέμη, Ζευγολατείου,  52, Κιλκίς,  90801,  3482.28,  1400.56
444, Κοττίκας Ξυγκάκου και Κυπραίος, Νάντσου,  56, Δράμα,  17158,  15447.67,  3528.74
445, Αβραμπέκη-Σαλταούρας Α.Ε., Βρεστού,  262, Χαλκίδα,  71241,  12610.05,  1864.05
446, Εμμανουήλ-Ενωτιάδη, Ζερμπισίων,  67, Φλώρινα,  37803,  15072.24,  307.71
447, Πικούνης Α.Ε. ΟΜΙΛΟΣ ΕΤΑΙΡΕΙΩΝ, Κοτρώτσου,  30, Καστοριά,  49205,  10238.52,  5402.3
448, Πατελής-Φουντζούλας Α.Ε., Γιαννωτών,  285, Δράμα,  90047,  13989.36,  10575.45
449, Δημητρέλου Βακαλάκης και Μακρής, Παλιουριάς,  191, Ηγουμενίτσα,  13868,  13427.72,  4636.97
450, Κοντογιάννης-Σταμούλης Ο.Ε., Καλλιπεύκης,  61, Κιλκίς,  42288,  8728.25,  336.62
451, Λιάκου-Καμπάκας και υιοί, Ραγάδα,  72, Χαλκίδα,  65947,  20903.57,  17012.45
452, Χατζησταυράκης και υιοί, Νενητουρίων,  131, Χίος,  14644,  15596.68,  2859.13
453, Ακαλίδης Γιασημάκης και Μητρίδης, Λεωφ. Πετριτής,  45, Κέρκυρα,  50797,  14167.57,  7631.74
454, Αετόπουλος-Χρυσανθακοπούλου, Μικρού Βάλτου,  84, Ηγουμενίτσα,  65613,  18648.45,  7142.59
455, Διαμαντοπούλου-Πουλή Α.Ε., Χειμαδιού,  298, Κιλκίς,  65768,  3196.04,  4338.06
456, Θεοδωρικάκος-Σκυλογιάννη, Αγίου Κωνσταντίνου,  132, Φλώρινα,  73612,  4791.39,  1060.13
457, Καζανόπουλος-Γιαννές και υιοί, Πετρανών,  240, Χανιά,  52657,  18603.84,  5141.18
458, Σταματούκου Αβαγιανός και Χρυσάφη, Μηλιάκη,  98, Καρπενήσι,  42144,  6748.62,  3488.07
459, Σιτόπουλος-Κούτρης, Καρυουπόλεως,  106, Ρέθυμνο,  50296,  18881.98,  10573.35
460, Αραπίδου-Κακοσαίος Ο.Ε., Τζιρατούδη,  82, Χαλκίδα,  58722,  8463.34,  8240.44
461, Μαγκούφης-Νταβάς Α.Β.Ε.Ε., Πλατεία Μαρμακέτου,  232, Θεσσαλονίκη,  55778,  12965.03,  1333.28
462, Τζαλλας Α.Ε., Βουγιάτου,  126, Αγ. Νικόλαος,  63875,  6913.33,  5323.89
463, Γκαλίου Τζουμάκης και Κώττας, Μαρμάρων,  160, Μυτιλήνη,  80029,  17079.21,  14615.23
464, Τζιάρας-Τζεβελέκος Α.Β.Ε.Ε., Πογωνίας,  30, Καρδίτσα,  30765,  22965.82,  17437.56
465, Κατσιμάνη και υιοί, Λουμπούτσκου,  167, Ρόδος,  99902,  6230.82,  5154.65
466, Τσιάκος Μυλωνίδου και Αρμένης, Παυλοπούλου,  165, Αθήνα,  30369,  9738.97,  4183.81
467, Τζουβέλης και υιοί, Κλημεντίου,  214, Ηγουμενίτσα,  77181,  11947.09,  7819.51
468, Γεωργαλάς Α.Ε., Μυγδαλιάς,  263, Πύργος,  51245,  8658.21,  2724.0
469, Κοντού και υιοί, Πάρ. Κρηστώνης,  120, Κομοτηνή,  95985,  19832.17,  9055.17
470, Τουλάκη Τσέας και Χορόζη, Κρίνου,  35, Δράμα,  80515,  5266.43,  711.95
471, Σταμόπουλος Καρανίκας και Σκρίμπας, Γωνιάς,  213, Λαμία,  72276,  23204.3,  21169.19
472, Κώτσου Α.Ε. ΟΜΙΛΟΣ ΕΤΑΙΡΕΙΩΝ, Αρτεμισίου,  94, Ξάνθη,  81498,  19877.17,  17799.26
473, Μπούκος Μανίκας και Κεσαλίδης, Καστελλίου Φουρνής,  185, Μεσολόγγι,  91759,  5718.22,  4080.27
474, Γιατρομανωλάκης-Κορομήλας, Φασκομηλιάς,  202, Δράμα,  97252,  18467.68,  13572.01
475, Κατσιλλή-Βαρσάμης Α.Β.Ε.Ε., Ανώσκελης,  279, Κατερίνη,  38324,  12996.52,  13460.76
476, Αναστασίου-Χατζησαββίδης Α.Ε. ΟΜΙΛΟΣ ΕΤΑΙΡΕΙΩΝ, Σαρανταπήχου,  22, Χαλκίδα,  26486,  24888.02,  13561.35
477, Παυλίδου-Μωραΐτη, Μεσολογγίου,  186, Ζάκυνθος,  58952,  18194.63,  8041.85
478, Κοτσαρής Μαντάς και Παπαδοπούλου, Απλαδιανών,  6, Ξάνθη,  30162,  16480.0,  12842.95
479, Αναστασίου Λαγογιάννης και Βαμβουκάκη, Λεωφόρος Μαριού,  104, Λευκάδα,  85139,  4510.86,  960.57
480, Μπαλταγιάννης Ψυχάρη και Δρακουλή, Γλάστρας,  252, Πρέβεζα,  46199,  21193.01,  12565.18
481, Σπάλας Τσακίρη και Φωτιάδου, Ανατολικής Φραγκίστας,  140, Τρίκαλα,  47495,  15729.85,  9093.6
482, Τσέλλος-Παλαμπουγιούκη, Κεντρικής,  32, Λιβαδιά,  12930,  4010.33,  2539.02
483, Ιωσηφίδου Ο.Ε., Σταυροχωρίου,  152, Ηράκλειο,  77418,  10231.07,  5261.42
484, Αργυρόπουλος-Γρεβενάρης, Πλ. Μεγαλοχωρίου,  270, Θεσσαλονίκη,  93642,  24293.05,  5937.56
485, Μαυρογονάτος-Πίτσης, Μαρκινιάδας,  234, Τρίκαλα,  35665,  5909.62,  4630.76
486, Κατεβάτης Ο.Ε., Σταμέλου,  285, Κόρινθος,  72933,  13754.33,  13965.87
487, Μπούζα Α.Β.Ε.Ε., Λεχωνίων,  68, Μυτιλήνη,  16372,  24733.93,  23379.54
488, Αντωνάκος-Κυπριώτης Ο.Ε., Αργασίου,  296, Τρίπολη,  24719,  23088.06,  12058.8
489, Βαχουθιανάκης Ζυγούρης και Κουράκος, Δρυμαλίτου,  293, Πάτρα,  84417,  22837.94,  11570.64
490, Βαρδάκης και υιοί, Μαυρίδου,  171, Ρέθυμνο,  97079,  9963.14,  4636.64
491, Παπαγιαννόπουλος-Τσιαντάς, Δραγωγίου,  21, Τρίπολη,  14585,  17883.37,  9275.48
492, Σμπρίνης-Πουλημένος, Καθολικού,  190, Φλώρινα,  50287,  8030.96,  4963.47
493, Αβραμίδης-Ασλανίδου, Πλατεία Δραβήσκου,  216, Λαμία,  88731,  17285.35,  15153.7
494, Καραογλάνη-Αδαμοπούλου Α.Ε., Μακρισίων,  45, Λαμία,  95914,  11920.6,  9817.75
495, Βαμβουκάκη-Γαλάνη, Λάλουκα,  135, Άρτα,  12883,  4395.16,  2605.66
496, Πολίτου-Καχριμανίδη Α.Β.Ε.Ε., Αποστολάκη,  111, Έδεσσα,  64021,  13143.71,  5536.84
497, Ανδριόπουλος-Ιωακειμίδου, Μαλίμη,  181, Ηγουμενίτσα,  86567,  20843.22,  16659.06
498, Τσιαντάς Βασιλείου και Κακοτρίχη, Θέρμης,  187, Άμφισσα,  19880,  21025.97,  10987.77
499, Μαλλή-Κατσιγιάννη Α.Β.Ε.Ε., Πλατεία Σκληρού,  247, Κομοτηνή,  80184,  11352.96,  3047.11
500, Συργής-Μιχαλάκης, Σκινιά,  214, Χίος,  99401,  23367.57,  6182.41
501, Ρόγγα-Κεσκίνη Α.Β.Ε.Ε., Στεφανιάς,  66, Τρίκαλα,  29329,  4958.54,  17.09
502, Δουλάμη-Βακαλής, Πλατεία Σκοτάνης,  23, Πολύγυρος,  10097,  6196.95,  2152.11
503, Τζαβέλλας Γουργουλής και Ορφανάκης, Καρυάς,  170, Πάτρα,  85726,  17075.91,  10131.92
504, Τσαμοπούλου-Κουρκουτάς, Αμφείας,  237, Αλεξανδρούπολη,  10154,  7184.26,  2558.54
505, Σακελλαρίου-Κουρής, Αρίας,  234, Γρεβενά,  83306,  16683.26,  3498.49
506, Χορτάτου-Τσέλιος Α.Ε. ΟΜΙΛΟΣ ΕΤΑΙΡΕΙΩΝ, Αντωνίου,  88, Μεσολόγγι,  54634,  24491.58,  23020.29
507, Μαργιά Α.Ε. ΟΜΙΛΟΣ ΕΤΑΙΡΕΙΩΝ, Λυδίας,  88, Ζάκυνθος,  71901,  4273.97,  1206.6
508, Μαρτζούκου-Αγγελής, Καλογιαννάκη,  266, Πάτρα,  50432,  22737.72,  9807.15
509, Πατμανίδης Α.Ε. ΟΜΙΛΟΣ ΕΤΑΙΡΕΙΩΝ, Χατζημιχαήλ,  269, Ηράκλειο,  91639,  3338.48,  831.59
510, Σαλταούρας Α.Ε., Πάροδος Λαχανιάς,  248, Τρίπολη,  49822,  7144.73,  3279.7
511, Βλαχοδήμου-Αγγελίδης, Αμοργιανών,  282, Καρδίτσα,  43568,  6532.84,  5997.99
512, Μάρα Α.Β.Ε.Ε., Ερυμανθείας,  31, Ξάνθη,  43442,  15831.88,  5754.03
513, Γκανάτσιος-Ζουκής Α.Ε., Μελίας,  159, Κέρκυρα,  63321,  13355.65,  6591.34
514, Δουλάμη Κουλίδης και Βασιλειάδη, Φαρών,  195, Άμφισσα,  90356,  16916.51,  13256.01
515, Φουτσιτζής-Λιναρδάκη, Παλαίστρας,  16, Πρέβεζα,  93146,  13584.98,  4153.13
516, Χαλαντζούκα-Καφαντάρης, Καπαρελλίου,  97, Κόρινθος,  49575,  19465.49,  3746.3
517, Βαλτάς-Σαμπάνη, Γκριμπόβου,  247, Καβάλα,  43565,  24690.46,  22614.05
518, Κοντός Τσέλλος και Μαυρουδής, Δρίβα,  114, Ξάνθη,  76646,  3915.47,  1082.71
519, Λιθοξοΐδης-Κυργιάκης, Αλεξανδρείας,  222, Λιβαδιά,  73515,  6852.14,  4841.11
520, Παλαιολογοπούλου-Πουφτσής Α.Ε., Βενεράτου,  47, Χίος,  28692,  9920.13,  5915.66
521, Σπυρόπουλος-Νίκα Ο.Ε., Πατσιανού,  21, Θεσσαλονίκη,  68422,  6596.77,  657.91
522, Πυλαρινός Α.Ε. ΟΜΙΛΟΣ ΕΤΑΙΡΕΙΩΝ, Πανεθήμου,  97, Σέρρες,  20334,  16437.46,  6925.29
523, Γιαννούκος Χρήστου και Χρυσουλής, Παππά,  237, Χαλκίδα,  29944,  8530.61,  1657.2
524, Λίτσιου-Τορομίδης και υιοί, Πλ. Αιγιών,  238, Έδεσσα,  16012,  12134.25,  4826.37
525, Κατεβάτης Μουσελίμης και Αραπάκη, Θασίτου,  26, Ηράκλειο,  23215,  14486.08,  6254.12
526, Πολίτου-Ποσάντζη και υιοί, Τουρνά,  99, Σέρρες,  69478,  23095.35,  24379.2
527, Τάσιος-Χουχουλής και υιοί, Χατζή,  7, Τρίκαλα,  73605,  6710.36,  4512.34
528, Λελεδάκης Α.Ε., Πάρ. Πωγωνιανής,  8, Πύργος,  82365,  21497.52,  13174.35
529, Αρχαυλής Βερβίτη και Αθανασιάδη, Καμισιανών,  274, Καβάλα,  87652,  20045.87,  183.85
530, Τσιαμίτας Ο.Ε., Λεπίδα,  261, Γρεβενά,  74838,  17040.92,  9314.83
531, Αρματά-Καρκανάκη Ο.Ε., Πάροδος Νικηθιανού,  81, Καρπενήσι,  61728,  9802.38,  2582.24
532, Ταυλαρίδου Καρυδά και Ανανιάδου, Σδούκου,  195, Κομοτηνή,  20591,  12794.44,  11192.71
533, Βλάχος-Αραμπατζής, Πάρ. Μεγίστης,  52, Φλώρινα,  73710,  7303.2,  3901.02
534, Μπρούζου-Δημοβελής, Γέροντα,  298, Χαλκίδα,  53323,  19476.95,  1621.21
535, Ορφανιώτης-Ζαραφέτας και υιοί, Αχλαδέ,  33, Ιωάννινα,  97170,  20519.13,  21443.42
536, Πιάγκος-Παλιούρα Α.Β.Ε.Ε., Χαράδρου,  270, Αγ. Νικόλαος,  74377,  6263.17,  3356.08
537, Σακκή Μενγκ και Πυλαρινός, Λεωφ. Στρανώμης,  117, Λάρισα,  62143,  20178.12,  18686.7
538, Θεοδωροπούλου-Σίββα, Πλατεία Αρτεμισίας,  300, Λιβαδιά,  62735,  17878.62,  4516.49
539, Ευαγγελάκη-Μάργαρης, Σταμέλου,  64, Πύργος,  33311,  7948.06,  2952.74
540, Σκαρπέτας-Ζουκής, Αρίσβη,  67, Σπάρτη,  89542,  11497.49,  3099.78
541, Παπαευαγγελίου Παπαδημητροπούλου και Σπανουδάκης, Κοκκινολιθαρίου,  130, Ηγουμενίτσα,  20546,  11917.13,  10022.7
542, Καλούδη-Πολυχρονίδης Α.Ε., Σκινιά,  33, Ρόδος,  95967,  16456.1,  672.28
543, Καλαμαράκης-Δάφνη, Πάροδος Αμπελακίου,  118, Ξάνθη,  68820,  8690.05,  5131.42
544, Βαβουράκης-Δουλουφάκη Α.Ε., Καραβομύλου,  227, Βόλος,  32562,  15250.35,  12199.25
545, Σαμανίδης-Χαλαντζούκα Ο.Ε., Ασίνης,  241, Ηράκλειο,  45539,  12546.92,  1741.79
546, Τσικνιάς Σιγανός και Ξηρός, Καλυβών,  248, Μεσολόγγι,  94789,  21370.63,  10443.27
547, Τσικνή Α.Ε. ΟΜΙΛΟΣ ΕΤΑΙΡΕΙΩΝ, Πλανητέρου,  285, Ζάκυνθος,  18923,  12752.29,  6150.65
548, Ξηρός και υιοί, Πύλης,  140, Βόλος,  99479,  24273.75,  7921.99
549, Χατζημιχαήλ-Τυμβίου Α.Ε., Λυπουδεσίου,  163, Τρίκαλα,  40486,  23678.19,  19291.46
550, Ράπτης-Βασιλειάδη Α.Ε. ΟΜΙΛΟΣ ΕΤΑΙΡΕΙΩΝ, Παρασκευής,  186, Κοζάνη,  37417,  13603.61,  10330.04
551, Καρανάνου Δώρη και Μαργαρίτη, Κορομηλέας,  173, Πύργος,  22967,  18592.44,  3480.17
552, Μηλιάδου-Μεταξάς, Κουκουβά,  213, Ξάνθη,  32409,  5423.81,  821.21
553, Πίσπα-Τυμβίου Ο.Ε., Ραΐκου,  90, Πρέβεζα,  30030,  7400.19,  4282.08
554, Αλατζάκης Μάλαμα και Μπούζα, Μαραθοπόλεως,  136, Χανιά,  64311,  6617.74,  6432.02
555, Μιλέα-Αλατζάκης και υιοί, Αμμουδάρας,  49, Πολύγυρος,  62367,  23338.7,  4642.34
556, Μαργαρώνης-Καλογιαννάκη, Σιδηροπούλου,  149, Μεσολόγγι,  62434,  3305.53,  851.26
557, Ντόκος-Ρωμαίου, Πλατεία Νικήτης,  265, Αλεξανδρούπολη,  64386,  13013.35,  12024.28
558, Τσουκνίδας Μπακοστεργίου και Βακουφτσή, Χωρδακίου,  240, Πάτρα,  94447,  19458.43,  12041.84
559, Μαυρογονάτος-Σύψα, Σουληναρίου,  169, Αλεξανδρούπολη,  25338,  22619.69,  12258.72
560, Αργυρίου Α.Ε., Μιλλιαράδων,  175, Κατερίνη,  18199,  18589.58,  6628.26
561, Βαλεντή Κουτσικούρη και Χαραλαμπίδης, Κεσίση,  89, Ρόδος,  38622,  3935.97,  3788.33
562, Τολούδης-Τζιόβα, Σιδηρονέρου,  212, Χίος,  69904,  19489.66,  1664.57
563, Ζώτος Κατεβάτης και Φυτιλή, Κοτρώτσου,  185, Ηράκλειο,  26881,  15464.47,  7791.18
564, Πιτσάκης-Γιαννούκος, Περιστερίου,  217, Πολύγυρος,  11244,  5870.6,  7165.67
565, Γρηγορόπουλος-Πλατάκη, Κουθούρη,  241, Κόρινθος,  39159,  14842.88,  4225.76
566, Διακάκης-Ρωμαίου, Αγία Κυριακή,  193, Αλεξανδρούπολη,  99835,  14962.54,  2401.57
567, Σδούκου-Μπαλτζής Ο.Ε., Παναγιώτου,  51, Αργοστόλι,  61001,  23126.38,  7258.19
568, Αρχάκη Εμμανουήλ και Αποστολίδου, Λεωφ. Στράτου,  275, Ναύπλιο,  27785,  5356.93,  1129.27
569, Ελευθερίου και υιοί, Τραπεζίτσης,  108, Αργοστόλι,  43924,  13573.36,  1269.96
570, Γεροδήμος Ο.Ε., Πάρ. Ήρας,  32, Κιλκίς,  40457,  6005.0,  2023.47
571, Παπαδήμα-Κουτελιέρης, Σαγαιίκων,  169, Ζάκυνθος,  45882,  14254.25,  4581.89
572, Καρανασίου Παπαδήμα και Κωνσταντάς, Πάρ. Αμπελακιωτίσσης,  40, Χανιά,  92684,  14868.15,  2513.67
573, Σταθάτος-Εμπορόπουλος Α.Ε., Βυζιηνού,  139, Γρεβενά,  16123,  6838.77,  4051.89
574, Φωκαδελής Καρακαστανιάς και Φουρκιώτη, Κατσιγιάννη,  292, Χαλκίδα,  43471,  5105.71,  598.71
575, Μπούσιος-Νίκα Α.Ε., Ντόβα,  9, Πρέβεζα,  10507,  19455.85,  13166.68
576, Μαυραειδή και υιοί, Αρμάτων,  17, Αλεξανδρούπολη,  47032,  18492.26,  17701.14
577, Δημακογιάννη Πυροβόλου και Φραγκιαδάκη, Πάντζιου,  221, Μυτιλήνη,  20124,  6329.08,  1763.59
578, Χατζαντώνης-Λιναρδάκη, Πλατεία Σέσκλου,  80, Χαλκίδα,  35318,  21147.17,  19031.75
579, Δουβρόπουλος Ακριτίδης και Σακελλαρίου, Αθύρων,  170, Έδεσσα,  45697,  3820.21,  1907.12
580, Μάλαμα-Αποστολίδης, Πολυδώρου,  250, Χίος,  30483,  23347.83,  1173.15
581, Νασίκας Μπιμπίκα και Δάρας, Μακροπούλου,  63, Κόρινθος,  23034,  11177.03,  3793.1
582, Μπρούζου Φιλιππάτος και Κονσούλα, Κολυμβαρίου,  114, Βόλος,  54513,  4180.94,  2079.83
583, Κανταρελή Ασημόπουλος και Θωμόπουλος, Θεοδωροπούλου,  17, Άρτα,  91292,  22881.85,  23764.68
584, Σκαβέντζου-Μασόπουλος Ο.Ε., Φανού,  188, Κατερίνη,  31951,  18772.49,  1562.64
585, Καπατσώρης Α.Ε., Λεωφόρος Αντικαλάμου,  146, Λάρισα,  89583,  16972.66,  9826.53
586, Χατζηγρηγοράκης-Μασαούτη, Πλ. Δαφνών,  113, Μεσολόγγι,  77854,  8511.37,  629.82
587, Πιπεράκης Κυριάκου και Τομπουλίδου, Βερβίτη,  63, Γρεβενά,  90029,  7177.38,  5217.77
588, Παπαγιάννης Ρέγκας και Αργυροπούλου, Κουμάρα,  274, Έδεσσα,  40326,  11287.3,  4266.08
589, Γιακαμόζη Α.Ε., Λοφίσκου,  296, Ζάκυνθος,  25995,  3832.79,  1890.38
590, Ξηρίδου-Πάντος Α.Β.Ε.Ε., Παππά,  79, Αθήνα,  57813,  19405.55,  10666.58
591, Καρατζαφέρης-Πευκιανάκης, Καλοχωρίου,  119, Κομοτηνή,  93878,  13802.53,  2271.9
592, Κουτσούμπεη-Αξιώτης, Αγιονερίου,  220, Χανιά,  86953,  21356.51,  16786.14
593, Φιλιππόπουλος-Φουτσιτζής Α.Ε., Ηλιόλουστο,  42, Λάρισα,  93414,  11900.8,  10132.22
594, Κατσαντώνης Ο.Ε., Κωτιλίου,  155, Ηγουμενίτσα,  97324,  19177.6,  11656.98
595, Πουφτσής-Μπλιατσίου Α.Ε. ΟΜΙΛΟΣ ΕΤΑΙΡΕΙΩΝ, Αρνά,  185, Λευκάδα,  69345,  21387.39,  19773.64
596, Ζουκής-Κοντογιάννη Α.Ε., Αχλαδοκάστρου,  209, Αργοστόλι,  46063,  24667.22,  8485.15
597, Αρχάκη-Καραθανάση Α.Ε., Αυγενικής,  94, Γρεβενά,  75799,  10566.47,  30.85
598, Μοσχόπουλος και υιοί, Μελισσίου,  210, Ερμούπολη,  66354,  4677.64,  196.66
599, Παπουδής Ο.Ε., Καραντάνα,  153, Φλώρινα,  48812,  5489.15,  2830.73
600, Ζευγίτης-Κουρής Ο.Ε., Λεωφόρος Καστελλίων,  157, Πολύγυρος,  58712,  3077.29,  434.34
601, Καπετάνιος Α.Ε. ΟΜΙΛΟΣ ΕΤΑΙΡΕΙΩΝ, Παυλίδου,  252, Μυτιλήνη,  20349,  22187.43,  19695.81
602, Καφίρης-Μπλανάς και υιοί, Στέρνας,  6, Κοζάνη,  46766,  10677.23,  1847.41
603, Προβής Τραχίλης και Καραΐσκος, Πάροδος Φιλυρίας,  132, Δράμα,  21237,  23079.34,  11433.09
604, Δάφνη Ο.Ε., Μωυσίδου,  293, Πύργος,  96765,  20709.8,  9025.58
605, Λαζαρίδης-Μασόπουλος Α.Ε., Λεωφόρος Λευκοπηγής,  9, Κατερίνη,  11427,  4399.67,  6039.96
606, Μαρκόπουλος Ο.Ε., Ματεντσίδου,  285, Λιβαδιά,  23093,  20914.66,  22384.27
607, Παππά-Μαργαρίτη, Πλ. Δαμακινίου,  78, Ηγουμενίτσα,  22451,  21307.65,  10375.04
608, Γιατρομανωλάκης-Βαρσάμου Α.Ε., Μίνας,  52, Αγ. Νικόλαος,  29600,  9682.8,  1502.62
609, Γρηγοριάδης Α.Ε. ΟΜΙΛΟΣ ΕΤΑΙΡΕΙΩΝ, Μυρτουντίων,  155, Δράμα,  79592,  16557.34,  9329.97
610, Θεοδοσιάδου-Κωστοπούλου Α.Ε. ΟΜΙΛΟΣ ΕΤΑΙΡΕΙΩΝ, Πάροδος Μπράλου,  51, Ναύπλιο,  72366,  16553.23,  5076.03
611, Τζιάρας-Σταθάτος Α.Ε., Κλαδορράχης,  21, Φλώρινα,  53210,  19403.32,  9803.6
612, Θεοδοσίου-Γρηγορόπουλος, Γαβριήλ,  2, Ναύπλιο,  82155,  22038.94,  2344.6
613, Αντωνίου Λιούτας και Καρακυρίου, Σερνικακίου,  82, Πρέβεζα,  75932,  6616.47,  858.06
614, Τζέκος-Χαραλαμπίδης Ο.Ε., Πάρ. Αλευρούς,  77, Πρέβεζα,  56606,  3525.88,  1455.66
615, Καρανασίου και υιοί, Πάρ. Ρωμιάς,  262, Ιωάννινα,  91737,  18993.23,  7082.21
616, Ζυγούρη Πουλημένος και Μίχος, Λιοσίων,  16, Θεσσαλονίκη,  13809,  19308.78,  6763.22
617, Ροδίτου-Πατσούρας και υιοί, Κορμίστης,  18, Πολύγυρος,  88876,  14976.2,  12914.71
618, Σμαρδάς-Σκοτάδη, Συκά Υπάτης,  103, Αθήνα,  95982,  8205.34,  4753.76
619, Μιχαηλίδου-Σπανίδου και υιοί, Σκούρα,  53, Ηγουμενίτσα,  15399,  3013.01,  443.09
620, Τζαναβάρα Α.Β.Ε.Ε., Λεωφόρος Καστανώνος Ζαγορίου,  228, Λαμία,  81405,  17094.9,  11104.35
621, Ψυλλάκης Τζήκας και Σάουερ, Κινιδάρου,  93, Ζάκυνθος,  89566,  4348.04,  622.12
622, Κουτελιέρης-Δαγλή Α.Ε. ΟΜΙΛΟΣ ΕΤΑΙΡΕΙΩΝ, Πλατεία Εκκλησιών,  111, Θεσσαλονίκη,  16510,  10412.57,  6920.7
623, Δαΐκου Γκικόπουλος και Σπυρόπουλος, Γαλίφας,  243, Ρόδος,  43173,  16833.07,  15134.14
624, Τριβέλλας-Μεταξάς και υιοί, Σταυρού,  290, Λάρισα,  37294,  9031.86,  4752.89
625, Καραμάνος Α.Ε., Μαραντοχωρίου,  233, Ξάνθη,  85102,  13195.26,  12216.28
626, Μεταξάς-Πάντζιου, Πάροδος Αγίου Πολυκάρπου,  247, Αλεξανδρούπολη,  97025,  24190.24,  19509.32
627, Κωτούλα-Ξηρογιάννης, Μάλεμε,  193, Καβάλα,  82416,  14430.12,  712.74
628, Φερεντίνος Α.Β.Ε.Ε., Καρολίδου,  51, Πάτρα,  25683,  10769.14,  3252.64
629, Ξηρογιάννης-Ραφιός Ο.Ε., Πλαγίων,  191, Ηράκλειο,  96596,  21380.82,  22604.0
630, Λουμπούτσκου-Ευκαρπίδης και υιοί, Αντιγονείας,  5, Κατερίνη,  15929,  6411.51,  22.91
631, Κοντός Λιούτας και Κυπριώτης, Σαμτανίδου,  4, Χίος,  73254,  23743.32,  25236.92
632, Βουλγαρίδου-Κουμιώτης Ο.Ε., Νεάπολης,  190, Κόρινθος,  38265,  13746.85,  6008.82
633, Ματεντσίδου Δάφνη και Μπατσάκη, Βράχου,  131, Αθήνα,  42243,  12692.87,  14434.92
634, Ρόγγα-Λιανάκης Α.Ε. ΟΜΙΛΟΣ ΕΤΑΙΡΕΙΩΝ, Καρατάσου,  139, Άμφισσα,  45616,  13885.82,  897.15
635, Τερζής-Νικητόπουλος Ο.Ε., Πολατίδου,  173, Λευκάδα,  91576,  10659.28,  9535.45
636, Παληός-Κεφαλή, Νικήτης,  91, Χανιά,  96191,  16557.54,  3614.91
637, Θεοδωρικάκος-Ζαφείρη, Κακοτρίχη,  22, Πολύγυρος,  74213,  18810.66,  6854.35
638, Σαρρή-Μανίκας, Πάροδος Σφηνωτού,  254, Κατερίνη,  78008,  10852.31,  9737.55
639, Νικολαΐδης Α.Ε., Γεωργάνων,  134, Αλεξανδρούπολη,  76906,  23699.93,  38.25
640, Πάνος-Μισίδου Α.Ε., Παχυκαλάμου,  297, Γρεβενά,  15162,  20376.55,  4781.68
641, Μπελέκου-Γκότσης Α.Β.Ε.Ε., Ψαθογιάννου,  243, Πύργος,  83971,  21635.19,  14131.56
642, Παλλάς-Γρηγορίου Α.Ε. ΟΜΙΛΟΣ ΕΤΑΙΡΕΙΩΝ, Λεωφόρος Ελληνοχωρίου,  276, Πύργος,  65823,  6423.82,  2068.61
643, Κωνσταντάς Γεροδήμος και Γερούκη, Καλού Χωρίου,  160, Σέρρες,  44702,  19484.75,  12559.24
644, Μαγκούφης Α.Ε., Γεωργιάδου,  56, Τρίπολη,  79469,  7041.47,  38.27
645, Ρέντας-Καρυδά και υιοί, Πλατεία Ξινονερίου,  177, Θεσσαλονίκη,  44003,  17702.05,  15918.49
646, Κούρτης Ριζούλης και Πιτερός, Γιατράκου,  116, Λάρισα,  97791,  12457.48,  8001.68
647, Ξηρογιάννης Φιλίππου και Παντίσκα, Κασάνου,  178, Ρόδος,  47200,  22947.03,  6267.44
648, Σταμέλος και υιοί, Κορυδαλλού,  182, Κατερίνη,  88011,  19169.85,  1144.95
649, Μποφός και υιοί, Πλαγιών,  110, Ρόδος,  48113,  22383.29,  3954.49
650, Φραντζής Πέτση και Μασγαλάς, Παλιούρα,  235, Καλαμάτα,  93120,  16665.21,  13509.68
651, Δημητρέλου Τζιόβα και Μποζίκης, Κετεσίδου,  244, Ηγουμενίτσα,  17008,  22849.27,  13476.92
652, Τυμβίου Μαλλή και Σαλίχος, Εμμανουήλ Παππά,  12, Χανιά,  93483,  9924.88,  2904.85
653, Παπαδημητριάδης-Ταξίδου, Κυριακοχωρίου,  54, Κατερίνη,  59877,  5755.05,  3786.44
654, Γεννηματάς-Ότσος Ο.Ε., Χαρακίου,  83, Καβάλα,  85142,  15633.45,  1868.2
655, Δεδούκου-Καραγρηγορίου, Δρακότρυπας,  252, Ερμούπολη,  18751,  5014.97,  4028.78
656, Κουταλιός-Καλαϊτζοπούλου, Φραγκουλαιίκων,  198, Χανιά,  60951,  6281.72,  1260.63
657, Νικουλής Ο.Ε., Ματσουκίου,  30, Ζάκυνθος,  96929,  16772.34,  16052.08
658, Τζεβελέκος-Κουτσουλής Α.Ε. ΟΜΙΛΟΣ ΕΤΑΙΡΕΙΩΝ, Μεσοχωρίων,  193, Θεσσαλονίκη,  93373,  18420.32,  8012.83
659, Κασμιρλή-Σιόλου, Καραϊσκάκη,  4, Καλαμάτα,  73027,  17602.08,  2158.85
660, Κυρίτσης Α.Β.Ε.Ε., Πάροδος Αμυγδαλοκεφαλίου,  118, Βόλος,  52483,  10598.5,  9899.48
661, Βαλκάνου Ο.Ε., Παραδεισίου,  12, Ξάνθη,  43252,  19420.68,  16399.56
662, Φασατάκη Τερζής και Ξανθοπούλου, Βαϊραμίδου,  210, Καστοριά,  36588,  6684.39,  4030.99
663, Ζαχαρίου Α.Ε. ΟΜΙΛΟΣ ΕΤΑΙΡΕΙΩΝ, Καματερού,  244, Λαμία,  33622,  8966.69,  8591.15
664, Μπούζα Α.Ε. ΟΜΙΛΟΣ ΕΤΑΙΡΕΙΩΝ, Λεωφ. Προσοτσάνης,  87, Πρέβεζα,  10338,  17590.42,  19056.54
665, Χωρινού-Κωνσταντακόπουλος, Σκοπιάς,  152, Χαλκίδα,  98416,  7405.64,  6439.22
666, Σδραλλής Βαλαβάνης και Μαρακάς, Πολυάνθου,  197, Κομοτηνή,  30190,  19540.77,  10825.81
667, Τολούδης Τζανουδάκης και Αραπάκη, Πουλίδα,  279, Καστοριά,  42701,  17644.29,  13646.38
668, Γκουτζαμάνης Κοκκίνου και Παπακωνσταντίνου, Θεοδοσίων,  289, Πολύγυρος,  32547,  21377.92,  5037.02
669, Πολέμη-Αλυσανδράτου Α.Ε., Μεγίστης,  286, Άμφισσα,  18028,  19416.29,  13875.87
670, Βερβίτη-Παπαγιαννόπουλος, Παλλαντίου,  255, Τρίπολη,  97177,  12061.8,  3483.34
671, Σελινοπούλου-Ζαφείρης, Μαρουγιάννη,  41, Βέροια,  43974,  23513.45,  11963.68
672, Παπαδόπουλος-Τρεντσίου Α.Ε., Λεωφόρος Κονταριωτίσσης,  80, Λιβαδιά,  96875,  9732.68,  2033.65
673, Κατσογιάννης Α.Ε., Μονολίθου,  95, Σάμος,  29340,  12119.09,  3715.11
674, Καραγιάννης-Νασίκας, Γρεβενιτίου,  19, Καρδίτσα,  95889,  12955.51,  77.32
675, Δουμάς-Κανελή Α.Ε. ΟΜΙΛΟΣ ΕΤΑΙΡΕΙΩΝ, Γαλλικού,  271, Λευκάδα,  18509,  23970.47,  13429.12
676, Σφακιανάκη Λυγκούρας και Χατζηβλασίου, Σακκή,  52, Πολύγυρος,  60732,  11241.47,  9208.92
677, Δημόπουλος Α.Ε. ΟΜΙΛΟΣ ΕΤΑΙΡΕΙΩΝ, Πλ. Περάμα,  120, Κιλκίς,  67443,  16717.2,  4990.0
678, Αναστασόπουλος Α.Ε., Ριγκλίων,  278, Μεσολόγγι,  69761,  9346.11,  154.3
679, Μποτσώλης Α.Β.Ε.Ε., Τζιρατούδη,  206, Ναύπλιο,  87791,  16632.25,  7937.67
680, Τάσιος Σαλίχος και Ζαβιτσάνου, Πιλαλίστρας,  232, Αλεξανδρούπολη,  21434,  17624.83,  10310.64
681, Μάνος-Συμεωνίδου, Κουτσοποδίου,  206, Αργοστόλι,  80408,  18441.13,  39.89
682, Ότσος και υιοί, Βρεσθένων,  76, Κιλκίς,  68591,  9301.08,  3816.66
683, Χατζή-Κονδυλίδης Α.Β.Ε.Ε., Οινόης,  140, Καρπενήσι,  24180,  9648.46,  9290.2
684, Τσώνης-Σαραντινός, Πάροδος Λεχαινών,  277, Καβάλα,  10168,  16199.02,  13224.95
685, Τσιαμούρας-Μαστρογιάννης, Θαυμακού,  100, Καρδίτσα,  35525,  5788.29,  448.5
686, Νιτσοτόλης-Αραπάκη, Σμίλας,  205, Λευκάδα,  19838,  23245.11,  7935.96
687, Μαμαλά Τζιγκούρα και Χαλαντζούκα, Αμελάντων,  137, Λευκάδα,  13939,  22323.55,  8973.55
688, Μπαλτατζή-Πέττα, Λεήμονα,  138, Πολύγυρος,  43288,  23192.03,  18644.59
689, Τσακανίκας Ο.Ε., Διστράτου,  25, Χίος,  87008,  12283.07,  7152.88
690, Γαρουφαλής-Σπηλιώτης, Αγίου Βασιλείου Κυνουρίας,  118, Ρόδος,  47214,  16915.56,  14090.38
691, Ταυλαρίδου Α.Ε. ΟΜΙΛΟΣ ΕΤΑΙΡΕΙΩΝ, Κουτσοβίδου,  35, Έδεσσα,  88352,  13124.36,  4644.78
692, Γιαννακόπουλος Ντανώλα και Μαρακάς, Γουμένισσας,  50, Κιλκίς,  25339,  8281.63,  6302.16
693, Κουλουμπού-Ζηρός, Βαπτιστού,  23, Ξάνθη,  27684,  19622.94,  16200.13
694, Γκιριτζιώνη Ο.Ε., Καλαμαύκας,  157, Σπάρτη,  22125,  22385.22,  12181.58
695, Χουλιάρας Βολικάκης και Μιχελακάκη, Βιτάλων,  112, Κοζάνη,  44323,  12231.26,  8808.97
696, Μητρίδης-Κωτούλα Α.Ε. ΟΜΙΛΟΣ ΕΤΑΙΡΕΙΩΝ, Λεωφόρος Ξηρονομής,  138, Λαμία,  29208,  22051.27,  19997.53
697, Χορόζη-Καλέμη, Ασουχίδου,  91, Χαλκίδα,  51079,  22656.3,  9197.97
698, Χρυσικάκη Μαυρίδη και Καρανασίου, Βρυσιών,  12, Άμφισσα,  14267,  18350.1,  18888.86
699, Ανδρικόπουλος Α.Ε. ΟΜΙΛΟΣ ΕΤΑΙΡΕΙΩΝ, Πλ. Λιγορτύνου,  148, Κοζάνη,  60164,  3016.23,  516.62
700, Αργυρίου Α.Β.Ε.Ε., Δερβιζιάνων,  34, Χίος,  12430,  6051.87,  5263.57
701, Σιώρης Κωνσταντινίδου και Σόφρα, Θωμάκου,  276, Ρέθυμνο,  76179,  13168.39,  2027.65
702, Περπινιάς Α.Ε., Μπάφρας,  234, Ηγουμενίτσα,  76244,  10905.63,  992.25
703, Θωμάκου Μυλωνάς και Μυσιρλής, Πάροδος Ανάβρας,  208, Καρδίτσα,  87370,  17202.31,  13467.13
704, Κατσιλλή-Σιδηροπούλου και υιοί, Πλατεία Γκριμπόβου,  10, Άμφισσα,  79404,  8781.52,  8047.12
705, Τσιαμούρας-Φειδερόπουλος Α.Ε. ΟΜΙΛΟΣ ΕΤΑΙΡΕΙΩΝ, Λεωφ. Αμπελοκάμπου,  38, Δράμα,  17716,  7769.94,  1079.44
706, Λιανάκης-Χατζηκύρκος, Πάρ. Κουκλιών,  229, Λευκάδα,  80800,  21554.39,  2533.41
707, Παπουδής και υιοί, Πάρ. Σεβαστιανών,  14, Καλαμάτα,  48614,  16388.78,  2171.08
708, Σταυρίδου-Προβής και υιοί, Πλ. Φούφα,  215, Ρέθυμνο,  58902,  12830.48,  1376.12
709, Πλακωτάρης-Κυμπάρης, Εξανθείας,  98, Λιβαδιά,  64981,  22624.5,  12235.38
710, Χατζηχαρίστου Φιλιππόπουλος και Τσικνιάς, Τυμφρηστού,  273, Μεσολόγγι,  63312,  20152.15,  1170.48
711, Τσώνης-Κυργιάκης, Πλ. Κερασεών,  96, Φλώρινα,  74871,  20982.47,  14576.12
712, Τσανάκα-Βαρσάμου και υιοί, Τάντου,  183, Ξάνθη,  26154,  4577.39,  3571.35
713, Πιτερός-Τάτση, Λεωφόρος Κοντιά,  260, Χανιά,  48607,  18722.76,  5499.28
714, Ότσος-Γεωργακοπούλου Α.Ε. ΟΜΙΛΟΣ ΕΤΑΙΡΕΙΩΝ, Σταυρουπόλεως,  6, Λάρισα,  68836,  10656.32,  6205.03
715, Χριστοδούλου Τσουράκη και Ντουλιάς, Βαΐου,  197, Σάμος,  21066,  10474.48,  4472.12
716, Τάρναρης Ρόκκα και Μανιτάρου, Κεφαλίου,  198, Καρδίτσα,  76592,  24185.87,  13201.84
717, Μητρίδης Μπακουλή και Κορωνίδου, Λεωφ. Αξού,  61, Βόλος,  32867,  5986.23,  884.62
718, Παναγιωτακοπούλου Α.Ε. ΟΜΙΛΟΣ ΕΤΑΙΡΕΙΩΝ, Πλατεία Σπηλαίων,  26, Καρδίτσα,  46836,  5691.85,  540.31
719, Μοσχοβάκη Α.Β.Ε.Ε., Κυριακούλη,  293, Ζάκυνθος,  24939,  10230.31,  817.19
720, Πουρνάρα-Μόναχας, Πλ. Λυσσαρέας,  239, Ερμούπολη,  14743,  21408.94,  14438.49
721, Κόλλια Α.Ε. ΟΜΙΛΟΣ ΕΤΑΙΡΕΙΩΝ, Αφροξυλιάς,  179, Σάμος,  58112,  16472.1,  14321.36
722, Ασαρίδης Ο.Ε., Νερομάννας,  257, Άμφισσα,  98484,  17023.57,  6525.48
723, Κονσούλα-Κουρσάρης, Πλ. Εύας,  168, Πρέβεζα,  39685,  9227.23,  8107.21
724, Καλαμάρα Ξηρός και Μπαφίτη, Μυτιλήνης,  86, Κέρκυρα,  76579,  10708.95,  1098.51
725, Δήμου-Μυτελέτσης Α.Β.Ε.Ε., Μασαούτη,  60, Καρπενήσι,  55605,  16447.39,  248.18
726, Αλεξόπουλος-Παπαθωμά Α.Β.Ε.Ε., Κοκκινοχωρίου,  17, Γρεβενά,  52359,  3363.85,  2687.75
727, Δρακάκη Α.Ε. ΟΜΙΛΟΣ ΕΤΑΙΡΕΙΩΝ, Καμινακίου,  209, Σπάρτη,  57748,  9997.1,  3086.71
728, Δουβρόπουλος-Μπίκα, Αδένδρου,  44, Κομοτηνή,  29082,  16222.6,  13868.88
729, Καλαϊτζοπούλου Α.Ε. ΟΜΙΛΟΣ ΕΤΑΙΡΕΙΩΝ, Σολωμίδου,  113, Σπάρτη,  47336,  8476.37,  4459.84
730, Μπίκα Περράκης και Καραγιοβάννη, Ζήριας,  244, Καρπενήσι,  59025,  3149.91,  197.97
731, Μάνδρος Ζηρός και Ισάρης, Ελατείας,  226, Αθήνα,  85777,  12364.45,  7048.13
732, Αλαφάκης Α.Β.Ε.Ε., Λεωφόρος Βαθυλάκκου,  262, Ξάνθη,  35754,  22466.94,  8650.62
733, Δημησκής Νικουλής και Καραντζόπουλος, Μπεστιάς,  244, Θεσσαλονίκη,  13063,  18471.12,  4735.39
734, Κετεσίδου Καπατσώρης και Ξυγκάκου, Αγίου Ιωάννου Μυλοποτάμου,  93, Αλεξανδρούπολη,  49372,  8002.51,  164.75
735, Κούτσικος-Πουλή και υιοί, Πάροδος Αετοπέτρας,  164, Δράμα,  13386,  24700.7,  5194.48
736, Ρέππος Καρούντζος και Φυδάνης, Σαμοθράκης,  221, Ηράκλειο,  78383,  10013.89,  8427.54
737, Λάλας-Νικουλής Α.Ε. ΟΜΙΛΟΣ ΕΤΑΙΡΕΙΩΝ, Πάρ. Τσαγκαράδας,  177, Χίος,  50469,  9579.05,  4463.75
738, Παπαθανασίου Ο.Ε., Πλατεία Ταλάντων,  89, Άμφισσα,  53822,  14576.11,  2248.09
739, Σκοτάδη-Λεβέντης, Μιχαηλίδου,  6, Ηράκλειο,  21648,  3348.66,  1322.18
740, Ψυχιάς-Παπουλής Α.Ε., Στεφάνου,  122, Ηράκλειο,  50639,  10739.44,  8149.06
741, Γρίβας-Μυσιρλής, Παπαστεργίου,  224, Άρτα,  70038,  4441.82,  2321.27
742, Γαβριδάκης-Μητσόπουλος και υιοί, Χαλανδρίου,  3, Πρέβεζα,  60447,  5573.8,  590.93
743, Γαρυφαλίδης-Αβραμίδης, Καλονύκτου,  158, Ναύπλιο,  96054,  24723.88,  22449.73
744, Σαλέμη Ξενίδη και Κουτσουρέλη, Πτελέας,  13, Κέρκυρα,  91288,  13411.71,  6833.92
745, Τσανδήλας Μαντζουράνης και Πετράκης, Μενδενίτσης,  194, Αργοστόλι,  43922,  6708.55,  2710.1
746, Γεροκώστα Καψάλης και Τζαβέλλας, Μαυρικίου,  198, Ρόδος,  43965,  22771.01,  7616.98
747, Καλδή-Σπανουδάκης Α.Β.Ε.Ε., Χανδρά,  246, Μυτιλήνη,  22417,  19335.77,  18366.36
748, Φιλιππόπουλος Α.Ε. ΟΜΙΛΟΣ ΕΤΑΙΡΕΙΩΝ, Δρυάλου,  132, Τρίπολη,  94643,  4446.1,  606.85
749, Λιόντη Υφαντή και Καταραχιάς, Τουρλάδας,  1, Αργοστόλι,  41246,  17882.72,  16650.4
750, Μαγκανάρη-Φασουλή Ο.Ε., Πλ. Δήμητρας,  221, Πολύγυρος,  39865,  18576.25,  18410.31
751, Γκαγκαουδάκης-Γαρουφαλής, Αμυγδαλέας,  147, Καστοριά,  31872,  6652.96,  5555.41
752, Τραχίλης-Σωτηράλης Α.Ε. ΟΜΙΛΟΣ ΕΤΑΙΡΕΙΩΝ, Μικρού Δάσους,  283, Έδεσσα,  58712,  5444.72,  2414.97
753, Δουλάμη Τσάτη και Γεωργακοπούλου, Τσουράκη,  100, Χανιά,  37053,  21891.19,  23078.62
754, Πετρίδου-Σκούμπρου, Λεωφ. Μεσοκάμπου,  98, Αθήνα,  73291,  24794.45,  14581.96
755, Ανδριόπουλος Α.Ε., Πλατεία Δροσινή,  7, Πρέβεζα,  96860,  5295.3,  3602.93
756, Μαντζώρος-Ξενίδη, Μανέτα,  161, Χαλκίδα,  20515,  3769.09,  1913.59
757, Συμεωνίδου-Πολατίδου Α.Ε., Κερκίνης,  99, Βέροια,  59200,  13956.02,  6459.01
758, Αγγελόπουλος Μελιτσόπουλος και Παπαγεωργίου, Αραχαμιτών,  188, Κατερίνη,  55458,  5808.49,  5646.33
759, Μαστρογιαννίδου-Καραγιάννης Α.Ε. ΟΜΙΛΟΣ ΕΤΑΙΡΕΙΩΝ, Ακόβου,  95, Κοζάνη,  47103,  13669.8,  13904.39
760, Λέλεκας Ζούνης και Δεδούκου, Χρυσοκεφάλου,  283, Γρεβενά,  79554,  10306.07,  2526.62
761, Χαραλαμπίδης-Μητσοπούλου Α.Β.Ε.Ε., Αγγίστης,  253, Ναύπλιο,  18442,  24790.33,  5680.18
762, Σκαρλάτος-Νικολάου Ο.Ε., Σταματούκου,  26, Φλώρινα,  93907,  11986.56,  11874.7
763, Γκικόπουλος και υιοί, Φειζατίδου,  191, Αγ. Νικόλαος,  95997,  21443.57,  5726.14
764, Βούλγαρης-Κανελλόπουλος Ο.Ε., Μεσαρίστης,  69, Μυτιλήνη,  98339,  17084.73,  13960.88
765, Γιαννακέας Γεωργουλάκη και Κουρσουμίδης, Καργάκου,  110, Μεσολόγγι,  13586,  18743.74,  5644.28
766, Πανκίδου και υιοί, Λεωφόρος Πανιπερίου,  196, Ρόδος,  74357,  24472.08,  7495.03
767, Ραγκούσης Καρούντζος και Τσούρα, Σινιών,  88, Άμφισσα,  66981,  13078.37,  10915.08
768, Μανελίδης Καπετάνιος και Κουλουμπού, Τραπέζης,  65, Αθήνα,  98061,  10423.25,  8658.37
769, Τζιωρτζή Τσότρας και Βλάχος, Λεωφόρος Ζευγολατείου,  96, Κέρκυρα,  39615,  21135.13,  17472.09
770, Κουτσικόπουλος-Παπαχρήστου Ο.Ε., Γαρεφείου,  69, Πύργος,  41604,  20793.76,  9934.8
771, Αναστασίου Ματεντσίδου και Πατσουρέα, Σκουτεσιάδας,  78, Χανιά,  34513,  10831.26,  4116.67
772, Θηβαίος Σάτλας και Γιαννές, Λυγαριάς,  6, Έδεσσα,  93951,  21020.66,  15642.35
773, Ταμιωλάκης-Κτενίδης Α.Ε., Ζαρειφοπούλου,  242, Αργοστόλι,  44647,  15873.1,  2391.36
774, Κομπολιάς Φούσκας και Χρυσοβέργης, Παλαιοχωρίου Τυμφρηστού,  207, Λάρισα,  77754,  23561.85,  13022.03
775, Πολυχρονίδης Γιαννούκος και Μίχου, Λεωφόρος Ξάνθης,  113, Κιλκίς,  99380,  5850.61,  355.68
776, Βασιλείου και υιοί, Πλ. Μεσημβρίας,  270, Καλαμάτα,  76068,  17697.89,  7385.26
777, Μάστορας Γκίνης και Σταμόπουλος, Παύλου,  91, Βόλος,  93773,  17390.45,  7914.64
778, Μυτελέτσης-Λιόντη Α.Ε., Μέσα Λακκωνίων,  271, Άρτα,  19059,  10474.78,  922.68
779, Τσιτούρας-Δερλώπα και υιοί, Διάβας,  208, Ιωάννινα,  26462,  3684.75,  1375.16
780, Δημόπουλος-Αγγελάκη, Φούφα,  121, Ηγουμενίτσα,  55692,  15292.18,  16534.99
781, Τσιπλίκωφ Ο.Ε., Μαγικού,  36, Ρόδος,  97790,  16446.83,  13614.26
782, Αποστολίδου Χρονόπουλος και Μπουρλής, Λεωφ. Φούρκας,  63, Χανιά,  48480,  22137.44,  21623.12
783, Καμπούρη-Δημητρίου, Υδρούσσης,  244, Γρεβενά,  42680,  13290.15,  9554.66
784, Ζαχαρίου και υιοί, Διακουμή,  67, Έδεσσα,  86172,  17722.41,  15681.41
785, Βάσσης-Νανούρης Α.Ε. ΟΜΙΛΟΣ ΕΤΑΙΡΕΙΩΝ, Ξηροτύρη,  282, Κόρινθος,  32884,  17925.3,  9843.16
786, Χριστογιάννη Κυριαζής και Καρακυρίου, Φουρνής,  223, Φλώρινα,  11926,  9430.31,  8901.89
787, Κουτεντάκης-Κουτελιέρης, Πραστού,  103, Ρόδος,  79203,  22534.37,  22227.17
788, Μπαφέρα-Χαβρεδάκης, Λεωφ. Χλοματιανών,  48, Άρτα,  24199,  11796.01,  9539.2
789, Κυριακοπούλου-Ευαγγελάκη, Πάρ. Μεστών,  119, Ηράκλειο,  60189,  24329.18,  14383.63
790, Ζούνης-Μαντάς, Βυτίνης,  39, Λαμία,  31337,  7410.22,  888.34
791, Φιλίππου-Προβής, Πλατεία Μελίκης,  141, Λάρισα,  85320,  23215.82,  17211.71
792, Γεωργακόπουλος Α.Ε. ΟΜΙΛΟΣ ΕΤΑΙΡΕΙΩΝ, Πυξαρίου,  44, Θεσσαλονίκη,  33379,  6718.57,  3520.07
793, Νικολάτου-Ναούμ Ο.Ε., Σεβαστού,  183, Ερμούπολη,  92900,  5164.53,  1470.49
794, Τσώνης-Καρανάνου Α.Ε., Πύδνας,  116, Αθήνα,  97114,  13858.26,  6834.41
795, Κανελλόπουλος Ο.Ε., Προφήτου Ηλιού,  200, Πάτρα,  12445,  18168.22,  9130.46
796, Βιτσαξής Ταβερναράκης και Ζολώτας, Πλατεία Μίλα,  215, Αλεξανδρούπολη,  76876,  19172.41,  5219.75
797, Νάστατος Α.Ε. ΟΜΙΛΟΣ ΕΤΑΙΡΕΙΩΝ, Νάσσου,  260, Καρδίτσα,  44377,  20626.72,  6448.18
798, Αβραμίδης Τάρναρης και Ντότση, Τρομπούκη,  112, Άμφισσα,  36821,  8638.58,  1683.82
799, Ντανώλα Α.Ε. ΟΜΙΛΟΣ ΕΤΑΙΡΕΙΩΝ, Πλ. Αιγίνης,  46, Αγ. Νικόλαος,  87807,  12471.45,  1952.72
800, Έψιμος-Βασιλοπούλου Α.Ε., Αρβανίτη,  256, Πολύγυρος,  12683,  5339.53,  3077.86
801, Θηβαίος-Τσαμτσούρη Α.Ε. ΟΜΙΛΟΣ ΕΤΑΙΡΕΙΩΝ, Κοκκινοχωρίου,  37, Καστοριά,  46895,  5834.98,  1685.77
802, Σταμέλος-Σταυρόπουλος, Κοντοβαζαίνης,  24, Χανιά,  74297,  9024.06,  3540.86
803, Γκούσκος Καλιάμπος και Αλεξανδρίδου, Ζιάρα,  42, Βόλος,  42810,  12010.42,  1734.8
804, Μπαλάση-Τρεντσίου Α.Ε., Βυζιηνού,  123, Σπάρτη,  55308,  21201.55,  4934.18
805, Ριζούλης-Μακρυκώστας Α.Ε., Φλαμπούρων,  180, Κιλκίς,  75368,  5901.18,  5188.58
806, Μόναχας Α.Ε., Σοχού,  144, Αλεξανδρούπολη,  31212,  14498.11,  11057.05
807, Ντότης Ξανθάκης και Μεξή, Αυλακίου,  265, Τρίκαλα,  33844,  8015.87,  3473.07
808, Λίτσιου Ξανθάκης και Χασάπη, Παλαιοχωρίου Μπότσαρη,  294, Φλώρινα,  72674,  20182.63,  17844.89
809, Καταραχιάς-Πανταζής, Πετροκεφάλου,  138, Μεσολόγγι,  92237,  7511.51,  6284.25
810, Σύψα-Σταυρόπουλος και υιοί, Σανών,  78, Πύργος,  83422,  13609.47,  1128.45
811, Φασατάκη Α.Ε. ΟΜΙΛΟΣ ΕΤΑΙΡΕΙΩΝ, Αρήνης,  173, Ηράκλειο,  77682,  13309.97,  11099.74
812, Κολοκάθης Ανδρεανίδης και Μανούκας, Ψιανών,  80, Έδεσσα,  31323,  15118.2,  8327.75
813, Πάντζιου-Σπαθάρη, Μάλεμε,  109, Καρδίτσα,  45812,  10606.27,  7658.79
814, Καρολίδου Α.Β.Ε.Ε., Σακκή,  96, Κατερίνη,  18858,  8664.47,  379.72
815, Μαλίμη Δαΐκου και Σκόρδος, Βλαχιώτη,  63, Τρίπολη,  92286,  14958.25,  16213.55
816, Φουντζούλας-Λογοθέτη, Βορδονίας,  244, Λάρισα,  52767,  3863.3,  65.52
817, Χριστογιάννη-Ζιάρα Α.Ε. ΟΜΙΛΟΣ ΕΤΑΙΡΕΙΩΝ, Λεωφόρος Παππαγιάννη,  83, Κόρινθος,  46525,  20372.14,  6386.84
818, Χατζημιχαήλ και υιοί, Λεωφόρος Παλαιοχούνης,  232, Ρέθυμνο,  50114,  8507.48,  3212.76
819, Παντζαρτζίδης-Αφρουδάκης, Βαρελίδου,  130, Τρίκαλα,  83181,  9626.23,  3453.93
820, Κατσαντώνης-Τσόλκας, Σιμιάδων,  164, Λάρισα,  86429,  6012.93,  2928.93
821, Κατσίπης Κώτσου και Ζεγλίνα, Πλ. Λαυρεωτικής,  152, Φλώρινα,  94093,  9506.55,  4334.42
822, Γκιριτζιώνη Ο.Ε., Σάγκα,  149, Χίος,  99679,  17447.09,  11484.15
823, Κωνσταντινίδης-Τσεμπερλίδης Ο.Ε., Παππάδων,  118, Άρτα,  42034,  4498.96,  762.22
824, Ραχωβίτσας και υιοί, Κορυδαλλού,  232, Κομοτηνή,  30841,  7123.34,  3247.87
825, Παπαευαγγελίου Ο.Ε., Κουφαλίων,  152, Κατερίνη,  22590,  22469.2,  5806.15
826, Αθανασάκης-Σφακιανάκη Α.Ε., Μηλίνης,  275, Καρδίτσα,  28846,  11676.65,  1307.51
827, Γενετζάκης Α.Ε., Αμυγδαλέας,  288, Πολύγυρος,  96357,  24757.83,  16231.76
828, Κώττας-Παπαδημητράκης και υιοί, Πλατεία Δάφνης,  142, Τρίπολη,  40157,  6507.67,  7181.78
829, Βαβάση Χορτάτου και Πολυχρόνης, Πλ. Γλάστρας,  49, Αλεξανδρούπολη,  56665,  6158.67,  3978.22
830, Λαφατζής-Φραγκιαδάκη, Ευπαλίου,  289, Γρεβενά,  73479,  10067.68,  706.76
831, Μωυσίδου-Κόλκας Α.Β.Ε.Ε., Λεωφόρος Λαμιέων,  244, Έδεσσα,  97542,  15687.77,  5460.28
832, Πεμούση-Ζαρζάνη Α.Β.Ε.Ε., Πάρ. Βελιμαχίου,  288, Ιωάννινα,  12702,  3438.78,  1068.94
833, Ευστρατόπουλος Δουβίκας και Σμπρίνης, Αρίστης,  239, Αθήνα,  48315,  4591.74,  780.82
834, Δεδούκου Ο.Ε., Ασωπίας,  56, Ξάνθη,  93889,  17367.88,  12199.35
835, Καρακάξης Α.Ε. ΟΜΙΛΟΣ ΕΤΑΙΡΕΙΩΝ, Πάρ. Λυκοχίων,  183, Χανιά,  56946,  12633.09,  5995.78
836, Βασιλείου Α.Ε., Σικίνου,  82, Καλαμάτα,  83585,  19910.52,  14697.49
837, Κερασοβίτης-Μπατζάνη, Μπακουλή,  24, Βέροια,  10470,  16204.85,  15869.82
838, Κωστίδης Δουκατζής και Παπαδάκης, Λαμπιρίου,  88, Καβάλα,  13747,  5943.06,  1590.77
839, Μπιμπίρη Α.Ε., Σκασίλα,  191, Κοζάνη,  60014,  12184.06,  2533.1
840, Γεράρδης-Αμπατζιάνης Ο.Ε., Κοιλιωμένου,  146, Σάμος,  39307,  13360.12,  7036.97
841, Κραββαρίτης Ο.Ε., Κωνσταντοπούλου,  273, Ναύπλιο,  50241,  19059.71,  672.53
842, Χατζαντώνης-Ζώνιος Α.Β.Ε.Ε., Εμμανουήλ,  180, Μεσολόγγι,  24931,  18430.14,  6632.06
843, Σιούτα Πουρνάρα και Καραθανάση, Γκόνη,  161, Βόλος,  68435,  3822.15,  2152.29
844, Λελεδάκης Καπανταϊδάκη και Ασσαργιωτάκη, Πάρ. Λάρδου,  92, Κέρκυρα,  62433,  8072.16,  836.94
845, Παπασπηλιωτοπούλου-Τουλάκη Α.Ε. ΟΜΙΛΟΣ ΕΤΑΙΡΕΙΩΝ, Πάρ. Απολακκιάς,  101, Αγ. Νικόλαος,  12512,  21019.05,  11762.67
846, Γρηγοριάδης-Προύβα Α.Β.Ε.Ε., Μπουλαριών,  273, Έδεσσα,  12843,  9700.57,  5278.26
847, Ελευθερίου Πουλή και Λιβανός, Δαρσακλή,  20, Αθήνα,  28398,  10452.91,  5990.25
848, Μυλωνίδου Λουλάκης και Σύκας, Χειμάρρου,  217, Κιλκίς,  59571,  4171.46,  51.95
849, Ρήγας-Ταβερναράκης και υιοί, Παππά,  234, Αργοστόλι,  32486,  10052.05,  7441.26
850, Καστάνης Α.Ε., Γούλα,  163, Κομοτηνή,  58350,  10029.0,  10720.26
851, Χρήστου Α.Β.Ε.Ε., Παλαμαρίου,  185, Λευκάδα,  10070,  15415.18,  8075.49
852, Μπακοστεργίου Α.Ε., Ρετσίνων,  6, Μυτιλήνη,  55087,  24385.95,  7978.67
853, Φασατάκη Χατζηβλασίου και Μασγαλάς, Βαΐου,  118, Σέρρες,  50225,  18263.47,  1514.49
854, Ροϊδούλης-Βασιλάκη Α.Ε. ΟΜΙΛΟΣ ΕΤΑΙΡΕΙΩΝ, Σουφλίου,  153, Σάμος,  78467,  18152.43,  9511.06
855, Νικολόπουλος-Κορωνίδου, Καλαβρύτων,  86, Καλαμάτα,  72975,  9411.7,  3038.43
856, Δουβίκας-Πάνου Ο.Ε., Στάθη,  27, Λευκάδα,  33425,  21632.41,  5595.38
857, Μπούκος Ο.Ε., Αγρίλου,  134, Άρτα,  43060,  10239.25,  2170.54
858, Σδούκου-Αξιώτης Α.Ε., Πάρ. Μελίας,  179, Σάμος,  16228,  22235.71,  13870.54
859, Βώσσος-Κούρτης, Δελφών,  100, Ηράκλειο,  52989,  24033.81,  19735.78
860, Σπανίδου και υιοί, Πάροδος Ροποτού,  82, Ιωάννινα,  31008,  18183.52,  7326.92
861, Πικούνης-Δανέζης, Λεωφ. Καστελλίων,  75, Πύργος,  40237,  23425.47,  13162.27
862, Χριστόπουλος Ο.Ε., Μαυρούδας,  71, Λαμία,  71909,  18226.6,  5104.23
863, Μπύρου Καρούσος και Τσάκη, Δροσιάς,  207, Αθήνα,  14917,  15756.57,  17483.37
864, Λιάνου-Καρούντζος Α.Β.Ε.Ε., Πλατεία Καλλιφύτου,  41, Καλαμάτα,  56874,  9625.49,  3048.52
865, Βαλιάκα-Τσαγκρασούλης Α.Ε. ΟΜΙΛΟΣ ΕΤΑΙΡΕΙΩΝ, Απερίου,  190, Τρίκαλα,  47730,  24269.96,  8479.08
866, Συρμού Κωνσταντινίδης και Βαλτάς, Ροδίτου,  282, Πύργος,  96876,  7952.73,  2767.33
867, Σφούνης Κυριακούλη και Αγγελόπουλος, Καρκαλέτση,  252, Αθήνα,  15052,  17100.68,  3185.53
868, Κιουπλιώτης Τοπαλή και Χρυσοβέργης, Ακόβου,  35, Κόρινθος,  82636,  23995.86,  10732.82
869, Δρακόπουλος Α.Β.Ε.Ε., Κάμπων,  139, Κατερίνη,  71599,  23618.13,  14687.55
870, Τριβέλλας Χριστοπούλου και Καφφέ, Κουρουνιού,  100, Σέρρες,  73444,  5638.17,  4738.46
871, Τουλάκη Α.Β.Ε.Ε., Δανδανίδου,  298, Άμφισσα,  81644,  8109.09,  6028.39
872, Στοφοριάδης-Κούρτης Α.Ε. ΟΜΙΛΟΣ ΕΤΑΙΡΕΙΩΝ, Πολυδρόσου,  247, Λάρισα,  76058,  19023.33,  4573.49
873, Κυριάκου Α.Ε. ΟΜΙΛΟΣ ΕΤΑΙΡΕΙΩΝ, Υαμείας,  104, Έδεσσα,  14783,  16309.86,  12595.18
874, Καράνης Α.Ε. ΟΜΙΛΟΣ ΕΤΑΙΡΕΙΩΝ, Πλατεία Μοναστηρακίου,  293, Έδεσσα,  70983,  14675.93,  12321.58
875, Κώτσου Καχριμανίδη και Ροδίτου, Συλιβαινιώτικων,  65, Ναύπλιο,  55879,  7674.95,  165.98
876, Σκαβέντζου Μαργαρώνης και Μανιώτης, Χιόνας,  266, Λάρισα,  61783,  24745.47,  12361.43
877, Καραμπίνα-Μαραγκός και υιοί, Κοιλαδίου,  42, Χαλκίδα,  91719,  8409.36,  4819.77
878, Γεωργούλα-Μαγούλα, Προφήτης Ηλίας,  62, Πρέβεζα,  97036,  9429.86,  2057.23
879, Χορτάτου Κουλίζος και Ζαχαρίου, Λεωφ. Μιχοΐου,  34, Ζάκυνθος,  16721,  10527.74,  502.3
880, Δάφνη Γρετός και Δουβίκας, Αφισίου,  156, Κέρκυρα,  70480,  21778.02,  12053.8
881, Βαρθαλίτη και υιοί, Πάρ. Σαρδών,  66, Φλώρινα,  97017,  15448.14,  741.74
882, Νίκα Μπιμπίκα και Αλαφάκης, Πάροδος Σκούπας,  261, Δράμα,  31674,  23585.27,  8922.64
883, Ζηματίκας Ο.Ε., Πάροδος Ομηρικόν,  283, Άμφισσα,  38943,  3922.99,  2824.61
884, Περιστερόπουλος Πιπερίδη και Μαστρογιάννης, Σητείας,  291, Κέρκυρα,  20446,  4525.98,  1289.71
885, Καράμπας-Τζαλλας Α.Ε., Πάροδος Υδρούσσης,  77, Βόλος,  47172,  11557.53,  109.98
886, Μανιώτης-Γαλάνη, Κώμης,  275, Πρέβεζα,  74298,  5875.95,  6470.37
887, Ξενάκη Α.Ε. ΟΜΙΛΟΣ ΕΤΑΙΡΕΙΩΝ, Παλαιού Ελευθεροχωρίου,  39, Ερμούπολη,  95402,  8390.01,  4901.76
888, Καπούνης Α.Ε. ΟΜΙΛΟΣ ΕΤΑΙΡΕΙΩΝ, Πέλλης,  42, Θεσσαλονίκη,  51965,  6516.69,  4117.42
889, Αγραφιώτη-Σταθόπουλος, Λεωφόρος Μικρού Σουλίου,  183, Άμφισσα,  34809,  17756.78,  488.32
890, Κιοσές Α.Ε. ΟΜΙΛΟΣ ΕΤΑΙΡΕΙΩΝ, Διευχών,  175, Κοζάνη,  46665,  20283.47,  9084.23
891, Τασιούλας Καρανάνου και Δουλγεράκης, Ζιάρα,  290, Μεσολόγγι,  47589,  16377.27,  1452.02
892, Μοσχόπουλος Ο.Ε., Λεωφόρος Κεσσάνης,  7, Ηγουμενίτσα,  69173,  3331.89,  2053.94
893, Μισίδου-Γερόπουλος Α.Ε. ΟΜΙΛΟΣ ΕΤΑΙΡΕΙΩΝ, Νάξου,  241, Ρόδος,  12269,  8756.62,  2193.35
894, Ζαφείρης Α.Ε., Καλομοίρας,  140, Καστοριά,  66617,  8075.21,  7294.74
895, Πρέκα-Περδικάκης Ο.Ε., Ασουχίδου,  204, Βόλος,  91939,  20744.12,  3537.95
896, Κάκκα Καραμάνος και Μπατσάκη, Καραβοστάμου,  54, Χαλκίδα,  20637,  14308.13,  12558.63
897, Ιακωβάκης-Φλασκή Α.Ε., Πάροδος Βενίου,  210, Χανιά,  50708,  19847.83,  8736.37
898, Χαλκίδου-Πετροσιάν Α.Ε., Στύλου,  215, Ρέθυμνο,  81192,  18714.88,  7249.54
899, Ζιάρα-Χριστογιάννη Ο.Ε., Καλιδόνης,  192, Ξάνθη,  27747,  14622.81,  7320.62
900, Μπρούζου Ζαχαρίου και Μπουλούκος, Πλ. Καλεντίνης,  80, Καβάλα,  45964,  11084.25,  4107.49
901, Καρκαλέτση Α.Ε. ΟΜΙΛΟΣ ΕΤΑΙΡΕΙΩΝ, Τουλούπη,  15, Κέρκυρα,  29161,  7173.6,  410.32
902, Φιλιππάτος-Χουρζαμάνη Ο.Ε., Πικερμίου,  245, Θεσσαλονίκη,  72420,  13686.24,  6068.92
903, Μπαγανάς-Χωριανοπούλου Α.Ε. ΟΜΙΛΟΣ ΕΤΑΙΡΕΙΩΝ, Λεωφόρος Ξινονερίου,  262, Λιβαδιά,  63755,  17838.82,  7540.93
904, Ρίγκος-Ρέππα, Λεωφόρος Κληματακίου,  288, Αθήνα,  86211,  18393.45,  5114.95
905, Γκάγκας Πευκιανάκης και Ταχτσίδης, Φραγκουδάκη,  287, Ηγουμενίτσα,  75781,  4885.37,  662.7
906, Τσαμοπούλου Γούσιος και Χαντζή, Σταματούκου,  164, Ρέθυμνο,  94620,  16359.25,  12304.56
907, Εμπορόπουλος-Καραμάνη Ο.Ε., Ευπαλίου,  264, Γρεβενά,  48170,  12065.2,  11944.36
908, Μαρκόπουλος-Δρίβα, Τσαριτσάνης,  254, Λιβαδιά,  47777,  10954.69,  10080.99
909, Τριφτανίδου Ο.Ε., Κουφάκη,  52, Κέρκυρα,  34660,  17169.1,  2606.96
910, Δεδούκου Αναστασίου και Σπασόπουλος, Μασίκα,  211, Ερμούπολη,  10689,  8576.85,  6784.66
911, Βερβίτη Α.Β.Ε.Ε., Πάρ. Κρινοφύτων,  71, Μεσολόγγι,  99207,  22158.09,  7472.35
912, Μποτσώλης Κωστοπούλου και Συμεωνίδου, Σπανίδου,  115, Βέροια,  44859,  21358.88,  877.4
913, Δρουλιάς Ρέππα και Τσέλλος, Πάροδος Μαυραναίων,  151, Αλεξανδρούπολη,  34152,  4863.15,  3222.72
914, Παντίσκα-Ταμιωλάκης Α.Ε. ΟΜΙΛΟΣ ΕΤΑΙΡΕΙΩΝ, Πάρ. Παύλου,  75, Ξάνθη,  30638,  3979.44,  1631.48
915, Ντόκος Σαμτανίδου και Κατιρτζής, Κλειτσού,  175, Ρόδος,  15181,  9009.42,  2508.75
916, Ρόγγα-Μαυρομμάτης, Καστρακίου,  36, Κιλκίς,  93785,  24234.35,  7793.33
917, Κουκουλιάντας Ανεζάκη και Τζεβελέκος, Λεωφόρος Κρυοπηγής,  100, Μυτιλήνη,  40701,  16096.97,  9235.33
918, Βλάχου Α.Ε., Αναλήψεως,  108, Τρίπολη,  73857,  22993.27,  6270.96
919, Μπλιατσίου Σπορδιλής και Κολοβός, Φανών,  174, Αλεξανδρούπολη,  63096,  4668.71,  4205.34
920, Ξανθοπούλου-Γεωργιάδου, Κρούστα,  192, Σπάρτη,  31205,  21218.81,  17524.15
921, Παπαδάκης-Γκαλίου, Προσύμνης,  74, Κομοτηνή,  25350,  22144.48,  5667.14
922, Γεωργούδης Μιχαλάρου και Χριστοπούλου, Αγγελουσοπούλου,  255, Χανιά,  10349,  7537.07,  2198.34
923, Παπουδής Ακαλίδης και Σπασέγκου, Γκούνη,  178, Πύργος,  68309,  24868.76,  26821.89
924, Δουλάμης Ο.Ε., Σταθμού Μουριών,  131, Βέροια,  21434,  24258.0,  14758.58
925, Μητσόπουλος Γκούβελος και Τσεντούρος, Μοναστηρίου,  28, Τρίκαλα,  47960,  4137.84,  3723.25
926, Μαντάς Χριστοφόρη και Ζιάκας, Στράτου,  14, Κομοτηνή,  67225,  7275.14,  3325.65
927, Παπανδρέου-Νταγκαλή, Αποστόλων,  227, Βέροια,  72218,  16689.63,  14105.32
928, Γρίβα-Σγουρένα, Λευκόβρυσης,  120, Καστοριά,  59081,  24349.51,  4601.93
929, Πουλογιαννόπουλος-Μωρός, Κουτκιά,  226, Ηγουμενίτσα,  47491,  16347.0,  13095.69
930, Κατσούλα Νικουλής και Βουλτσίδου, Αδαμοπούλου,  44, Καρδίτσα,  75037,  12719.88,  2291.68
931, Δημητρίου Νικητόπουλος και Θεοδοσίου, Παπαδημητροπούλου,  212, Αθήνα,  39564,  4932.52,  3416.88
932, Ραγκούσης-Σαλίχος Α.Β.Ε.Ε., Καλοβάτου,  166, Ρέθυμνο,  48652,  23523.18,  10984.79
933, Τσαλαμάνδρης Ο.Ε., Ιστρίου,  132, Κομοτηνή,  39049,  15665.51,  11729.69
934, Τσαχάκη-Δάρας, Σελλασίας,  76, Καρπενήσι,  67874,  11509.42,  10161.71
935, Μίχου-Δρυμαλίτου Α.Ε. ΟΜΙΛΟΣ ΕΤΑΙΡΕΙΩΝ, Νεροχωρίου,  35, Κόρινθος,  96069,  24900.8,  18950.82
936, Κορμπόπουλος-Τορομίδης Α.Ε., Βαλεντή,  8, Θεσσαλονίκη,  34756,  5312.37,  4653.77
937, Μουτουσίδης Ο.Ε., Καλοχωρίου-Παντειχίου,  211, Κομοτηνή,  12503,  4190.06,  3447.54
938, Τσεντούρος και υιοί, Σκινιά,  173, Χανιά,  14262,  9658.14,  218.2
939, Αλεξοπούλου-Παπαθεοδοσίου Ο.Ε., Μοραΐτικων,  281, Ερμούπολη,  85759,  17362.59,  3558.47
940, Αρματά-Ζαρζάνη και υιοί, Πετρωτών,  135, Τρίκαλα,  17991,  23719.4,  14482.65
941, Αρματά Α.Β.Ε.Ε., Μελανθίου,  182, Βόλος,  44999,  20422.84,  14166.88
942, Πολυχρονίδης-Νικολουδάκη, Δρυμαλίτου,  219, Άμφισσα,  39736,  22779.94,  10060.95
943, Κεσεμίδης-Κυριατσούλης Α.Β.Ε.Ε., Πλ. Θρυλορίου,  65, Δράμα,  89776,  22508.18,  14703.6
944, Δούβαλη-Σταμέλος, Πυρσόγιαννης,  90, Ναύπλιο,  29701,  24999.32,  255.6
945, Πατελλή Α.Ε. ΟΜΙΛΟΣ ΕΤΑΙΡΕΙΩΝ, Τρυπών,  132, Έδεσσα,  35770,  22315.17,  16519.9
946, Κουτεντάκης και υιοί, Νιθαύρεως,  290, Τρίκαλα,  56173,  10036.31,  2040.77
947, Κουτκιά Τσαμπαλή και Ρέντζος, Καραντάνα,  265, Κέρκυρα,  48399,  11817.9,  4486.74
948, Τζιάρας Α.Β.Ε.Ε., Κυρά Βγένας,  114, Κοζάνη,  33000,  21461.42,  16712.62
949, Ευταξιάς-Αφρουδάκης Α.Β.Ε.Ε., Μύρθιου,  129, Καστοριά,  53695,  18565.81,  20042.11
950, Τρομπούκη Α.Ε., Χαλικίου Αμβρακίας,  58, Κέρκυρα,  85185,  17438.9,  8494.07
951, Κατσιγιάννη Κυριακούλη και Γιαννακίτσας, Νεοχωρούδας,  20, Πολύγυρος,  27775,  10161.7,  4353.82
952, Νάσσου Α.Β.Ε.Ε., Κυρτώνης,  191, Αργοστόλι,  21642,  4752.91,  1419.43
953, Ξανθάκης Ο.Ε., Σακελλαρίου,  237, Ρέθυμνο,  92606,  22085.55,  10429.12
954, Ψυλλάκης Α.Ε., Δώρη,  240, Χαλκίδα,  59226,  14488.04,  10189.75
955, Δημακογιάννη-Σιμητοπούλου, Ιεραπέτρας,  160, Αργοστόλι,  40803,  12652.97,  6882.63
956, Ταξίδου Μακρή και Μάρα, Ναμάτων,  203, Κοζάνη,  92206,  4740.64,  1123.18
957, Καραντάνα Λιολιοπούλου και Δανιηλίδης, Αρτεσιανού,  70, Ερμούπολη,  24494,  22885.89,  107.41
958, Δάφνη Α.Ε. ΟΜΙΛΟΣ ΕΤΑΙΡΕΙΩΝ, Ανδραβίδας,  114, Σπάρτη,  20311,  9771.83,  763.42
959, Ματεντσίδου-Μητσοπούλου, Δαΐκου,  280, Πρέβεζα,  43633,  9162.6,  7152.57
960, Ρίγκος Α.Ε., Πάρ. Ερατεινής,  25, Βόλος,  25322,  21790.81,  10640.62
961, Δαυίδ Ο.Ε., Κονταριωτίσσης,  194, Φλώρινα,  34037,  21432.52,  18600.16
962, Σαμακίδης-Αλεξοπούλου Α.Ε. ΟΜΙΛΟΣ ΕΤΑΙΡΕΙΩΝ, Ντανώλα,  263, Σάμος,  30946,  7305.38,  521.13
963, Τζιωρτζή-Πιτσάκης, Καμινακίου,  121, Κιλκίς,  63240,  13548.65,  8746.69
964, Χανταμπή Βάρσος και Δουλγεράκης, Κατσαφάδου,  23, Ναύπλιο,  77762,  3492.17,  849.84
965, Τρεντσίου-Ότσος, Τσουκιά,  31, Τρίκαλα,  32450,  6609.12,  952.7
966, Κοντοκώστας Γεωργιάδου και Κονσούλα, Πλ. Κουρουκλάτων,  294, Ναύπλιο,  52567,  12544.54,  7532.86
967, Βαρσάμου Ταξίδου και Βελεντζάς, Κοκκινοπηλού,  201, Κατερίνη,  81980,  6881.92,  6448.34
968, Ασαρίδης Αναστασάκης και Γκίκας, Καρές,  170, Αργοστόλι,  81778,  22188.01,  23925.02
969, Σαλίχος Αρσενάκη και Μαγούλα, Αλικανά,  227, Φλώρινα,  66721,  9335.68,  10943.75
970, Σαρίκας-Ιωσηφίδης Ο.Ε., Ασουχίδου,  221, Πύργος,  33590,  21636.49,  19706.58
971, Ραχωβίτσας-Γραμματικόπουλος, Πασαλιτών,  189, Χίος,  95480,  9987.17,  562.37
972, Ράπτης-Τσαμοπούλου, Τρικόρφου,  128, Σάμος,  23590,  5580.23,  921.57
973, Τραγούστη Α.Ε. ΟΜΙΛΟΣ ΕΤΑΙΡΕΙΩΝ, Λιβαδίων,  48, Βέροια,  84974,  18703.88,  18155.19
974, Παπατρέχας-Πολυχρόνης Α.Β.Ε.Ε., Δερλώπα,  209, Λιβαδιά,  66440,  12713.66,  7014.1
975, Κουρσουμίδης-Μηνά, Δολίχης,  30, Ρόδος,  99565,  15473.48,  11949.1
976, Καπουρνιώτη-Τζουβέλης Α.Ε., Παλαιοχώρας,  64, Πολύγυρος,  95016,  24527.72,  17707.82
977, Δεδούκου Α.Ε., Βαλτοχωρίου,  27, Άρτα,  45576,  10749.7,  3518.57
978, Κωστούλας Α.Ε., Τιθρωνίου,  164, Κοζάνη,  80344,  3209.88,  2591.04
979, Μανίκας Α.Β.Ε.Ε., Νικολαιίκων,  11, Κόρινθος,  12164,  11853.8,  4088.61
980, Θεοδοσίου-Λαλαούνη Α.Ε., Πηλίου,  263, Σπάρτη,  75958,  3913.54,  1736.02
981, Παπανδρικοπούλου Παππά και Μάντου, Πλατεία Ραμνής,  49, Κιλκίς,  83053,  13812.7,  3782.13
982, Καβούρης-Τσάρκος Α.Β.Ε.Ε., Πύργου Ιθώμης,  44, Καρδίτσα,  74320,  8447.78,  4566.49
983, Βορλόκας-Κιουπλιώτης, Αγίου Μηνά,  234, Αλεξανδρούπολη,  87019,  7677.12,  6562.37
984, Βαρουτίδου Παπαστεργίου και Παπαστεργίου, Πέττα,  279, Λάρισα,  32999,  21877.5,  5351.59
985, Τερζίδης Λαγοπάτης και Κωνσταντινίδης, Πευκοχωρίου,  140, Πολύγυρος,  52710,  3455.54,  1439.02
986, Τσαμτσούρη-Ιωσηφίδου Ο.Ε., Αγίου Ηλία,  297, Ερμούπολη,  11800,  14498.28,  11329.99
987, Παντίσκα-Τσέλιος Α.Ε., Κουρλού,  113, Ιωάννινα,  49677,  18951.87,  15526.54
988, Καραλής-Τζάγκα Α.Ε. ΟΜΙΛΟΣ ΕΤΑΙΡΕΙΩΝ, Βενεράτου,  206, Μυτιλήνη,  30504,  20308.1,  10094.87
989, Χουρζαμάνη-Σκόρδος και υιοί, Ζηλευτής,  69, Κόρινθος,  19503,  19131.72,  11214.41
990, Χριστακόπουλος-Σιδηρόπουλος, Πλατεία Βοσκοχωρίου,  270, Καβάλα,  35032,  14700.67,  5185.07
991, Δερμιτζάκης Ζουκής και Χαχούδης, Πάροδος Λουτροπόλεως Θερμής,  47, Κόρινθος,  81484,  19585.55,  7848.41
992, Παπατρέχας Καλογιάννη και Παπουλής, Μεγάλης Γότιστας,  135, Έδεσσα,  32582,  21890.59,  18627.49
993, Συβιλιά Σιμητοπούλου και Σπαθόπουλος, Κυθήρων,  258, Λιβαδιά,  99338,  17412.5,  4150.89
994, Ρήνος Τσαπραλής και Δημητρόπουλος, Πλατεία Νεοχωρίου,  150, Κομοτηνή,  59178,  13752.94,  10988.85
995, Μπελέκου-Κανελή και υιοί, Παύλου,  38, Χαλκίδα,  12491,  19856.01,  7024.91
996, Κουτσουνάκη-Μακρυκώστας, Κάπης,  183, Πρέβεζα,  98703,  7657.59,  308.88
997, Ξένου Γεννηματάς και Μπερεδήμας, Μαυρονόρους,  192, Σέρρες,  65560,  6880.84,  3100.9
998, Ιωσηφίδου-Κουλουμπού Α.Β.Ε.Ε., Πλατεία Τουρλάδας,  212, Ζάκυνθος,  59010,  21305.84,  22671.3
999, Καλαπόδης και υιοί, Πάροδος Οινούσσας,  188, Αθήνα,  10665,  8340.66,  2052.09
1000, Στεργιαλής-Κοντός, Ορθονιών,  18, Βόλος,  85183,  21009.55,  19317.12
